ref_name,loc_x,loc_y,loc_z,rot_x,rot_y,rot_z,scale_x,scale_y,scale_z
Tree_117,-41.9246521,-49.43118286,14.640707015991211,0,0,0.036727741,1,1,1
Tree_47,-19.60779381,-49.44243622,15.136492729187012,0,0,3.067129373550415,0.9999999403953552,0.9999999403953552,1
Tree_1,-15.31346512,-49.80906296,15.223371505737305,0,0,0.9805457,1,1,1
Tree_27,46.03456497192383,38.62556457519531,22.317001342773438,0,0,0.28775858879089355,1,1,1
Tree_117,9.635743141174316,-49.84745789,15.983625411987305,0,0,2.481250047683716,1,1,1
Tree_13,12.580686569213867,-49.53928375,16.106849670410156,0,0,0.9536724090576172,1,1,1
Tree_11,25.973567962646484,-49.13802719,16.754976272583008,0,0,-0.182769284,1,1,1
Tree_65,30.185169219970703,-49.38059998,16.934959411621094,0,0,-0.222942844,1,1,1
Tree_57,34.202030181884766,-49.46147919,17.106321334838867,0,0,-1.16185987,1,1,1
Tree_65,40.28895187,-49.54152298,17.318538665771484,0,0,-0.638060093,0.9999999403953552,0.9999999403953552,1
Tree_19,44.731605529785156,-49.86321259,17.34381103515625,0,0,-0.116861083,0.9999999403953552,0.9999999403953552,1
Tree_51,49.039268493652344,-49.80786896,18.342622756958008,0,0,1.725646973,0.9999999403953552,0.9999999403953552,1
Tree_77,-37.7687912,-48.64162445,14.767062187194824,0,0,-0.645616889,0.9999999403953552,0.9999999403953552,1
Tree_42,11.78982162475586,-5.883897781,17.933399200439453,0,0,1.652059793,1,1,1
Tree_117,24.628379821777344,-5.784881592,18.636341094970703,0,0,2.7167084217071533,1,1,1
Tree_80,26.97714614868164,-5.703534126,18.778871536254883,0,0,1.1377571821212769,1,1,1
Tree_11,49.956581115722656,38.62120056152344,22.647289276123047,0,0,-0.931212842,1,1,1
Tree_33,18.760440826416016,-48.10221863,16.44873047,0,0,-0.918301165,0.9999999403953552,0.9999999403953552,1
Tree_20,21.81389617919922,-48.88251495,16.55234718322754,0,0,1.4593232870101929,1,1,1
Tree_25,23.69662857055664,-48.02720261,16.696569442749023,0,0,2.7671947479248047,1.0000001192092896,1.0000001192092896,1
Tree_67,-10.05012989,22.794124603271484,18.95414924621582,0,0,0.5906959176063538,1,1,1
Tree_105,49.28232955932617,-5.685789585,20.2636776,0,0,2.9103446006774902,0.9999999403953552,0.9999999403953552,1
Tree_15,22.12388038635254,22.14650535583496,19.852663040161133,0,0,0.0743213,1,1,1
Tree_49,46.70392608642578,-48.6644516,17.83081055,0,0,0.6216565370559692,1,1,1
Tree_101,24.16110610961914,22.388687133789062,19.969974517822266,0,0,0.6777830719947815,0.9999999403953552,0.9999999403953552,1
Tree_70,-35.40641403,-47.55923462,14.860624313354492,0,0,2.6186296939849854,1,1,1
Tree_63,-39.64403152,23.424945831298828,19.821197509765625,0,0,1.016408920288086,0.9999999403953552,0.9999999403953552,1
Tree_50,-34.42443466,23.15854263305664,19.294334411621094,0,0,-3.068621397,0.9999999403953552,0.9999999403953552,1
Tree_13,-29.84761429,23.373016357421875,18.869037628173828,0,0,1.9873278141021729,0.9999999403953552,0.9999999403953552,1
Tree_2,9.295680046081543,23.882503509521484,19.365474700927734,0,0,0.8765212297439575,1,1,1
Tree_18,19.652450561523438,-4.812561989,18.374374389648438,0,0,-2.950421095,1,1,1
Tree_50,31.958341598510742,-4.886615276,19.10913658,0,0,-2.040864944,1.0000001192092896,1.0000001192092896,1
Tree_2,12.939666748046875,23.495153427124023,19.48840332,0,0,-2.197117805,1,1,1
Tree_20,38.633609771728516,-4.402657509,19.565570831298828,0,0,-0.820637882,0.9999999403953552,0.9999999403953552,1
Tree_2,37.2142334,-47.44465637,17.398496627807617,0,0,-0.225623563,1,1,1
Tree_15,41.62333679199219,-47.59694672,17.513870239257812,0,0,-2.606678963,0.9999999403953552,0.9999999403953552,1
Tree_59,49.72904968261719,-47.36827087,19.119993209838867,0,0,-2.448239565,1,1,1
Tree_70,-37.09031296,45.925140380859375,22.035409927368164,0,0,1.0596855878829956,1,1,1
Tree_63,-22.04546547,39.02269744873047,20.035812377929688,0,0,-1.42399013,0.9999999403953552,0.9999999403953552,1
Tree_19,42.586692810058594,23.498628616333008,21.08041763305664,0,0,-1.307123423,1,1,1
Tree_77,46.969058990478516,23.720956802368164,21.45119285583496,0,0,1.7390955686569214,1,1,1
Tree_103,-31.29700279,-3.842125416,16.80414390563965,0,0,-2.219133377,1,1,1
Tree_14,-25.32272339,-3.802686214,16.976388931274414,0,0,0.24902893602848053,1,1,1
Tree_3,-48.95675659,24.528156280517578,21.212135314941406,0,0,1.8238426446914673,1,1,1
Tree_38,44.25968933105469,-46.70355606,17.642114639282227,0,0,-1.388545871,1,1,1
Tree_14,-30.30047226,45.79270935058594,21.077465057373047,0,0,-1.898802996,1,1,1
Tree_23,-44.40325165,-45.65068054,14.699056625366211,0,0,-2.128493547,1,1,1
Tree_78,-4.926979065,24.448257446289062,19.12794303894043,0,0,2.9565138816833496,0.9999999403953552,0.9999999403953552,1
Tree_16,-3.795106888,-3.653710842,17.518953323364258,0,0,1.615277886390686,0.9999999403953552,0.9999999403953552,1
Tree_24,-18.51042938,45.91853713989258,20.597484588623047,0,0,2.583733320236206,0.9999999403953552,0.9999999403953552,1
Tree_13,10.085501670837402,-3.906195164,17.940731048583984,0,0,-2.400339365,0.9999998807907104,0.9999998807907104,1
Tree_17,-16.44558144,49.979408264160156,20.938865661621094,0,0,-2.406837225,1,1,1
Tree_64,18.97771453857422,39.731407165527344,20.56509017944336,0,0,-0.619684041,1,1,1
Tree_118,-49.36539078,-2.55059433,16.95821189880371,0,0,2.5558247566223145,1,1,1
Tree_29,38.37177276611328,24.036291122436523,20.959566116333008,0,0,2.121066093444824,1,1,1
Tree_38,44.79734802246094,24.43627166748047,21.372528076171875,0,0,1.4180073738098145,1,1,1
Tree_35,-11.36639595,-2.085125685,17.427072525024414,0,0,2.3198657035827637,1,1,1
Tree_3,0.7813594341278076,-2.893060207,17.648788452148438,0,0,-1.761222601,1,1,1
Tree_15,33.81281661987305,-45.04399109,17.416118621826172,0,0,-2.350748539,1,1,1
Tree_112,42.68548583984375,-45.40829468,17.715450286865234,0,0,0.860998273,1,1,1
Tree_73,-48.27681351,40.20066452026367,24.062185287475586,0,0,1.4159165620803833,0.9999999403953552,0.9999999403953552,1
Tree_76,-6.401063919,-44.00354385,15.718799591064453,0,0,1.2935765981674194,0.9999999403953552,0.9999999403953552,1
Tree_39,49.55175018310547,24.967628479003906,21.72183609008789,0,0,3.1026690006256104,1,1,1
Tree_45,14.390438079833984,-2.806707382,18.176774978637695,0,0,1.8247687816619873,1,1,1
Tree_112,17.637826919555664,-2.478870153,18.353897094726562,0,0,1.315895915031433,0.9999999403953552,0.9999999403953552,1
Tree_48,23.930618286132812,-2.519866228,18.699974060058594,0,0,1.7325495481491089,1,1,1
Tree_72,43.89494323730469,-2.233531952,20.005449295043945,0,0,2.3510515689849854,0.9999999403953552,0.9999999403953552,1
Tree_109,-43.62360001,40.966888427734375,22.929555892944336,0,0,0.7907439470291138,1,1,1
Tree_20,-38.03078079,25.09304428100586,19.933032989501953,0,0,-1.108469129,1,1,1
Tree_77,-35.4513092,25.408788681030273,19.73714256286621,0,0,-0.264411569,1,1,1
Tree_61,48.95196533203125,-44.814888,19.095333099365234,0,0,1.355947494506836,1,1,1
Tree_57,-41.75276566,-43.33776855,14.845300674438477,0,0,0.3133014142513275,1,1,1
Tree_115,-37.99501801,-43.70814514,14.931459426879883,0,0,0.16205176711082458,0.9999999403953552,0.9999999403953552,1
Tree_75,-13.81249523,25.105703353881836,19.065155029296875,0,0,-0.284542859,1,1,1
Tree_74,16.743698120117188,25.119976043701172,19.741954803466797,0,0,-0.34109211,1,1,1
Tree_71,13.546905517578125,-43.69501877,16.444124221801758,0,0,0.070338175,1,1,1
Tree_52,45.889034271240234,-1.632953167,20.165210723876953,0,0,-1.629368424,0.9999999403953552,0.9999999403953552,1
Tree_104,-49.11579132,-0.339943647,17.17260742,0,0,0.3784947991371155,0.9999999403953552,0.9999999403953552,1
Tree_6,46.37462615966797,-43.16679764,18.458595275878906,0,0,-0.469474077,1,1,1
Tree_7,-48.63550568,-42.94902802,14.666754722595215,0,0,-0.017038567,1,1,1
Tree_13,42.02025223,45.19659423828125,22.25860595703125,0,0,-0.024230197,0.9999999403953552,0.9999999403953552,1
Tree_15,13.82373332977295,40.74206543,20.423229217529297,0,0,0.3394070267677307,1,1,1
Tree_77,37.02721405029297,25.92415428161621,20.933883666992188,0,0,0.856768787,1,1,1
Tree_59,-28.29735565,-0.211187094,17.1003418,0,0,-2.659275532,1,1,1
Tree_26,-25.00669479,-0.615061641,17.163087844848633,0,0,1.1362028121948242,0.9999999403953552,0.9999999403953552,1
Tree_32,-14.06143665,-0.827743471,17.426708221435547,0,0,2.196134567260742,1,1,1
Tree_106,-48.62214661,26.801895141601562,21.745330810546875,0,0,0.012809992767870426,0.9999999403953552,0.9999999403953552,1
Tree_113,49.20143127441406,45.65976333618164,22.874435424804688,0,0,2.7472004890441895,1.0000001192092896,1.0000001192092896,1
Tree_71,42.961856842041016,-42.12537766,18.043121337890625,0,0,0.48903387784957886,1,1,1
Tree_79,-41.20994568,26.135921478271484,20.50753402709961,0,0,0.32561060786247253,1,1,1
Tree_104,-28.3822403,26.09343719482422,19.133874893188477,0,0,-0.486726731,1,1,1
Tree_35,-40.07001114,-41.92988205,14.937707901000977,0,0,-2.442076921,0.9999999403953552,0.9999999403953552,1
Tree_11,-34.0514679,46.83600616455078,21.692249298095703,0,0,2.945943832397461,0.9999999403953552,0.9999999403953552,1
Tree_58,-27.63524246,-41.04497528,15.282475471496582,0,0,1.3883146047592163,1,1,1
Tree_73,22.94473648071289,40.600894927978516,20.803970336914062,0,0,1.5938124656677246,1,1,1
Tree_33,-9.868573189,26.544010162353516,19.214529037475586,0,0,-2.939094305,0.9999998807907104,0.9999998807907104,1
Tree_75,-5.329930782,26.741313934326172,19.27796173095703,0,0,-2.325566292,1,1,1
Tree_30,23.273984909057617,-41.89321518,16.994556427001953,0,0,-2.508239031,1,1,1
Tree_105,28.620922088623047,-41.48850632,17.319562911987305,0,0,1.6133806705474854,1,1,1
Tree_40,31.37277603149414,-0.367828101,19.238265991210938,0,0,2.7891712188720703,0.9999999403953552,0.9999999403953552,1
Tree_23,-37.40177917,41.935455322265625,21.806203842163086,0,0,-2.827290297,1,1,1
Tree_59,49.15384292602539,-41.67785263,19.000642776489258,0,0,2.2688350677490234,0.9999999403953552,0.9999999403953552,1
Tree_102,5.114905834197998,26.286846160888672,19.362655639648438,0,0,-1.059066534,0.9999999403953552,0.9999999403953552,1
Tree_10,-35.22492599,41.253074645996094,21.40256118774414,0,0,-1.547492862,1,1,1
Tree_61,-22.13765907,0.9121373891830444,17.324291229248047,0,0,2.635336161,1,1,1
Tree_12,8.129611015319824,26.756027221679688,19.476787567138672,0,0,0.9289250373840332,0.9999999403953552,0.9999999403953552,1
Tree_34,-11.16285229,0.646292508,17.576156616210938,0,0,-0.22839573,0.9999999403953552,0.9999999403953552,1
Tree_64,25.130191802978516,-40.28783417,17.179960250854492,0,0,-1.760032058,1,1,1
Tree_13,-32.3393631,41.29652786254883,21.05254364013672,0,0,1.4119582176208496,1,1,1
Tree_29,-27.81231308,46.807273864746094,20.87059211730957,0,0,2.1065704822540283,1,1,1
Tree_40,-49.48213196,-39.66893005,14.736125946044922,0,0,0.8582918047904968,1,1,1
Tree_17,-29.00060081,41.86083221435547,20.761024475097656,0,0,-1.943590522,1,1,1
Tree_35,39.084983825683594,26.605396270751953,21.097394943237305,0,0,-2.221508741,0.9999998807907104,0.9999998807907104,1
Tree_11,43.42894363,26.929954528808594,21.7147274,0,0,-2.342078447,1,1,1
Tree_72,-26.65813828,27.753665924072266,19.281129837036133,0,0,-0.001047357,1,1,1
Tree_75,-16.6456604,27.0802002,19.169309616088867,0,0,-2.107118845,1,1,1
Tree_53,2.690858840942383,46.56690979003906,20.668987274169922,0,0,2.619556188583374,0.9999999403953552,0.9999999403953552,1
Tree_109,41.85102844238281,-39.34911346,18.24805450439453,0,0,0.9000504612922668,1,1,1
Tree_18,-47.6434021,-38.00027466,14.844295501708984,0,0,-1.321581364,1,1,1
Tree_61,-45.55651855,-38.46382904,14.894909858703613,0,0,1.6324617862701416,1,1,1
Tree_12,-32.96657944,1.2390987873077393,17.030874252319336,0,0,-1.175470471,1,1,1
Tree_101,-27.61933517,1.797482967376709,17.235750198364258,0,0,-0.748117566,1,1,1
Tree_51,-19.80805397,1.3456906080245972,17.408376693725586,0,0,2.131523609161377,0.9999999403953552,0.9999999403953552,1
Tree_25,14.188846588134766,27.122785568237305,19.72713279724121,0,0,-1.692135692,1,1,1
Tree_69,45.33684158325195,1.7025187015533447,20.240224838256836,0,0,-1.827526569,0.9999999403953552,0.9999999403953552,1
Tree_116,47.54894256591797,1.2653324604034424,20.390209197998047,0,0,0.11307065933942795,1,1,1
Tree_118,-48.39302826,2.574615478515625,17.473827362060547,0,0,-0.306225926,1,1,1
Tree_120,46.280670166015625,-38.46376038,18.598752975463867,0,0,1.995499610900879,1,1,1
Tree_8,-39.76422119,-37.89061737,15.083333969116211,0,0,2.605189800262451,1,1,1
Tree_43,-19.77116585,41.905067443847656,20.26492691040039,0,0,-1.476182818,0.9999999403953552,0.9999999403953552,1
Tree_32,-14.65919495,2.482997417449951,17.59432601928711,0,0,0.7620167136192322,1,1,1
Tree_46,3.163017749786377,2.0171220302581787,17.999025344848633,0,0,1.1731139421463013,1,1,1
Tree_21,18.136470794677734,2.9208908081054688,18.59972572,0,0,-1.058321476,1,1,1
Tree_78,22.34895896911621,-37.53407288,17.152902603149414,0,0,-2.949141979,0.9999999403953552,0.9999999403953552,1
Tree_111,17.570737838745117,27.245473861694336,19.890029907226562,0,0,1.1760623455047607,1,1,1
Tree_5,20.39595603942871,27.492496490478516,20.03940773010254,0,0,2.664396047592163,1,1,1
Tree_19,10.075302124023438,46.637351989746094,20.716079711914062,0,0,-2.897610664,0.9999999403953552,0.9999999403953552,1
Tree_3,-42.2360878,-36.76891708,15.047307968139648,0,0,0.2039010226726532,1,1,1
Tree_104,-38.2104454,-36.2073288,15.185463905334473,0,0,1.1610546112060547,1,1,1
Tree_65,9.660782814025879,41.79807662963867,20.396873474121094,0,0,-1.947244883,1,1,1
Tree_10,1.5608757734298706,3.4208154678344727,18.01869010925293,0,0,2.962235212,1,1,1
Tree_19,47.23362350463867,27.08936309814453,21.761905670166016,0,0,2.6784162521362305,1,1,1
Tree_26,15.919611930847168,-36.63565445,16.885042190551758,0,0,-2.778224707,1,1,1
Tree_23,45.401405334472656,-36.38155365,18.67300033569336,0,0,0.9781782031059265,1,1,1
Tree_15,48.210140228271484,-36.45193481,18.907392501831055,0,0,-1.208356857,1,1,1
Tree_108,13.96047592163086,46.10093307495117,20.747068405151367,0,0,2.3947606086730957,1,1,1
Tree_58,-42.14904404,4.997075558,17.532052993774414,0,0,-1.718177438,0.9999999403953552,0.9999999403953552,1
Tree_74,-35.32028198,-35.78360367,15.282925605773926,0,0,-2.972655535,0.9999999403953552,0.9999999403953552,1
Tree_12,-25.01242256,4.713298320770264,17.48383331298828,0,0,-0.976867437,1,1,1
Tree_106,4.450406074523926,4.251737117767334,18.13455581665039,0,0,-0.436479837,0.9999999403953552,0.9999999403953552,1
Tree_119,18.79559898376465,-35.99887085,17.044048309326172,0,0,-2.951680183,0.9999998807907104,0.9999998807907104,1
Tree_56,-45.22229767,28.24913787841797,21.621105194091797,0,0,-2.135987997,0.9999998807907104,0.9999998807907104,1
Tree_38,11.61385440826416,4.202174186706543,18.38355255126953,0,0,-1.076904058,0.9999999403953552,0.9999999403953552,1
Tree_53,-42.65944672,28.640775680541992,21.16552734,0,0,-3.026761055,1,1,1
Tree_52,20.14963722229004,4.4968390464782715,18.766708374023438,0,0,2.2271764278411865,0.9999999403953552,0.9999999403953552,1
Tree_49,-44.26839066,-34.91098022,15.047008514404297,0,0,-2.042642593,0.9999999403953552,0.9999999403953552,1
Tree_53,-40.05889511,-34.87067413,15.176501274108887,0,0,-1.708625674,1,1,1
Tree_51,27.849685668945312,4.875709533691406,19.229124069213867,0,0,-2.304437637,1,1,1
Tree_41,-32.65267563,28.017826080322266,20.00860023498535,0,0,2.727231740951538,1,1,1
Tree_1,33.50109863,46.78882598876953,21.686954498291016,0,0,-2.154385567,1,1,1
Tree_28,-13.88472462,49.861724853515625,20.936721801757812,0,0,-0.922093272,1,1,1
Tree_32,-41.21268463,42.32221221923828,22.604604721069336,0,0,1.082588553,1,1,1
Tree_12,-38.16564941,5.766766071,17.35028076171875,0,0,-1.495815873,0.9999999403953552,0.9999999403953552,1
Tree_107,44.95069504,-34.0611763,18.814228057861328,0,0,2.817852735519409,0.9999999403953552,0.9999999403953552,1
Tree_74,-48.33340836,-33.87867355,14.948163986206055,0,0,0.33325719833374023,1,1,1
Tree_60,-45.08607101,-33.06470108,15.081448554992676,0,0,-0.643401325,1,1,1
Tree_106,-19.42192841,5.555461883544922,17.66710662841797,0,0,1.879814863204956,1,1,1
Tree_120,-7.370889664,5.116900444030762,17.905712127685547,0,0,0.9968447685241699,1,1,1
Tree_51,-0.467238039,5.310762405395508,18.072147369384766,0,0,-0.407444745,0.9999999403953552,0.9999999403953552,1
Tree_75,-49.13656998,29.23357582092285,22.381690979003906,0,0,1.1298195123672485,0.9999999403953552,0.9999999403953552,1
Tree_35,40.58711242675781,46.71949005126953,22.197845458984375,0,0,2.116471290588379,1,1,1
Tree_5,8.626281738,5.608392715454102,18.330474853515625,0,0,-2.781203747,1,1,1
Tree_29,24.150680541992188,5.350901126861572,19.01202392578125,0,0,2.2347543239593506,1,1,1
Tree_22,-42.19506073,-32.37677383,15.194304466247559,0,0,2.6099631786346436,1,1,1
Tree_27,-11.61086082,49.599708557128906,20.932201385498047,0,0,-1.007521868,1,1,1
Tree_35,-9.616188049,49.76905441,20.95333480834961,0,0,1.4193425178527832,0.9999999403953552,0.9999999403953552,1
Tree_116,-18.38072777,29.63378334,19.332374572753906,0,0,2.3320906162261963,1,1,1
Tree_32,-27.3747406,6.452215194702148,17.521835327148438,0,0,-0.160506353,1,1,1
Tree_17,-25.02180481,6.856299877166748,17.61350440979004,0,0,2.7626805305480957,0.9999998807907104,0.9999998807907104,1
Tree_49,-12.67931175,29.894453048706055,19.424514770507812,0,0,-2.53081727,1,1,1
Tree_80,-3.294552565,6.038679122924805,18.050312042236328,0,0,0.8713213801383972,1,1,1
Tree_44,43.68206787109375,-32.4848938,18.82999038696289,0,0,0.21280497312545776,0.9999999403953552,0.9999999403953552,1
Tree_62,-36.75579834,-31.18422127,15.404403686523438,0,0,1.178891658782959,1,1,1
Tree_58,4.728438377380371,6.284154891967773,18.25692367553711,0,0,0.6823303699493408,1,1,1
Tree_17,-42.11612701,47.81095886230469,23.005897521972656,0,0,-2.11092329,1,1,1
Tree_113,5.713380813598633,42.73866271972656,20.41071319580078,0,0,-0.032851316,1,1,1
Tree_46,30.930208206176758,6.281630516052246,19.47673225402832,0,0,2.5337119102478027,1,1,1
Tree_13,42.90813064575195,29.14289093017578,21.871374130249023,0,0,2.242460250854492,1,1,1
Tree_18,-38.42273712,47.999900817871094,22.412574768066406,0,0,1.3421204090118408,0.9999999403953552,0.9999999403953552,1
Tree_36,37.644927978515625,6.381307125091553,19.906299591064453,0,0,-2.112970114,1,1,1
Tree_120,45.163963317871094,29.482906341552734,22.073575973510742,0,0,0.5821382999420166,1,1,1
Tree_104,46.62632751464844,6.783793926239014,20.518413543701172,0,0,2.789278984069824,1.0000001192092896,1.0000001192092896,1
Tree_76,-45.20206833,7.353137493133545,18.147075653076172,0,0,-1.807870865,0.9999999403953552,0.9999999403953552,1
Tree_24,-30.57092857,30.43174934387207,19.849620819091797,0,0,-2.227675915,1,1,1
Tree_105,-31.16900826,7.060788154602051,17.440526962280273,0,0,-2.329113483,0.9999999403953552,0.9999999403953552,1
Tree_69,-7.401775837,49.84354019165039,20.960689544677734,0,0,-2.673166275,1,1,1
Tree_72,15.253814697265625,7.946831703186035,18.726572036743164,0,0,3.1414341926574707,1,1,1
Tree_9,-7.995877266,30.48288345336914,19.51116943359375,0,0,-2.70577693,0.9999998807907104,0.9999998807907104,1
Tree_102,39.788658142089844,-30.95951843,18.625652313232422,0,0,-1.170699358,1,1,1
Tree_61,-44.76084137,-29.37301445,15.215875625610352,0,0,0.881386399,1,1,1
Tree_36,42.51908874511719,7.993715286254883,20.298931121826172,0,0,3.1072773933410645,1.0000001192092896,1.0000001192092896,1
Tree_117,-49.90568542,8.513252258300781,18.400611877441406,0,0,2.4277524948120117,1.0000001192092896,1.0000001192092896,1
Tree_17,-47.86355591,8.471645355,18.349367141723633,0,0,-2.519715309,1,1,1
Tree_27,0.8470116257667542,30.166595458984375,19.560396194458008,0,0,1.5908869504928589,1,1,1
Tree_69,18.597862243652344,42.09679412841797,20.660015106201172,0,0,0.8851193189620972,1,1,1
Tree_9,6.021253586,30.08936882019043,19.601755142211914,0,0,-2.852849007,1,1,1
Tree_74,4.208840370178223,8.532503128051758,18.369367599487305,0,0,-1.150156021,1,1,1
Tree_3,17.16468048095703,30.76366615,20.04956817626953,0,0,2.2842209339141846,0.9999999403953552,0.9999999403953552,1
Tree_55,49.31691360473633,30.933326721191406,22.247482299804688,0,0,1.8660229444503784,0.9999999403953552,0.9999999403953552,1
Tree_61,-42.47595978,31.082359313964844,21.68499755859375,0,0,0.8456095457077026,1,1,1
Tree_71,28.09680938720703,8.705352783203125,19.442506790161133,0,0,-1.574881673,1,1,1
Tree_18,32.31748962402344,8.043955803,19.641632080078125,0,0,-1.692070603,1,1,1
Tree_36,-37.03894806,31.393280029296875,20.944456100463867,0,0,0.7796097993850708,1,1,1
Tree_29,37.817771911621094,-29.792696,18.52444076538086,0,0,2.6814987659454346,1,1,1
Tree_16,-48.09402084,-28.57749939,15.135107040405273,0,0,1.4139891862869263,0.9999999403953552,0.9999999403953552,1
Tree_29,-0.811469555,31.778940200805664,19.65256118774414,0,0,2.5507562160491943,1,1,1
Tree_14,13.057857513427734,31.74941635131836,19.920333862304688,0,0,-2.130699158,1,1,1
Tree_61,-26.49271393,9.312466621398926,17.732288360595703,0,0,1.0543113946914673,1,1,1
Tree_74,-7.739496231,9.556840896606445,18.150741577148438,0,0,0.26636332273483276,1,1,1
Tree_114,28.755014419555664,31.04769515991211,20.710308074951172,0,0,1.4225873947143555,0.9999999403953552,0.9999999403953552,1
Tree_47,-1.42772913,-28.13794327,16.52112579345703,0,0,2.682633162,1,1,1
Tree_20,21.16400146484375,42.90382004,20.813623428344727,0,0,-2.50795722,0.9999999403953552,0.9999999403953552,1
Tree_117,-33.4646759,32.49591827392578,20.356647491455078,0,0,-1.165951014,0.9999999403953552,0.9999999403953552,1
Tree_44,-38.49215698,10.849578857421875,18.36264419555664,0,0,-1.674305916,1,1,1
Tree_14,32.14506530761719,-28.6968708,18.138519287109375,0,0,1.845757246017456,1,1,1
Tree_102,39.46557617,-28.17407608,18.723182678222656,0,0,1.7989860773086548,1,1,1
Tree_30,41.902793884277344,-28.52249527,18.898651123046875,0,0,-2.590376377,1,1,1
Tree_112,-28.15040207,32.189476013183594,19.829683303833008,0,0,2.699697494506836,1,1,1
Tree_29,-41.15574646,-27.79222488,15.390157699584961,0,0,-2.564982176,1,1,1
Tree_18,-18.19035721,32.12034988,19.52053451538086,0,0,0.21521824598312378,0.9999999403953552,0.9999999403953552,1
Tree_64,-35.2053833,-27.48212814,15.587614059448242,0,0,1.7157315015792847,0.9999999403953552,0.9999999403953552,1
Tree_11,-22.4634819,10.968818664550781,17.943134307861328,0,0,-3.056339979,0.9999999403953552,0.9999999403953552,1
Tree_74,-11.64164829,32.50986099243164,19.626026153564453,0,0,-1.666063786,0.9999999403953552,0.9999999403953552,1
Tree_42,1.1559520959854126,32.528770446777344,19.715404510498047,0,0,0.1692965030670166,0.9999999403953552,0.9999999403953552,1
Tree_79,-12.07280922,10.223491668701172,18.105995178222656,0,0,0.8339189887046814,1,1,1
Tree_75,48.98890305,-27.12168503,19.543018341064453,0,0,-0.542009294,1,1,1
Tree_80,-9.739969254,10.76072883605957,18.185108184814453,0,0,-1.623297811,1,1,1
Tree_113,-25.43631744,-26.09214973,15.936493873596191,0,0,1.929944634437561,0.9999999403953552,0.9999999403953552,1
Tree_23,-19.90675545,-26.60418701,16.060691833496094,0,0,1.1828539371490479,1,1,1
Tree_57,21.105623245239258,32.11383819580078,20.30754852294922,0,0,1.8107073307037354,0.9999999403953552,0.9999999403953552,1
Tree_39,15.398914337158203,10.47061538696289,18.86914635,0,0,0.7373051047325134,0.9999999403953552,0.9999999403953552,1
Tree_19,31.126571655273438,10.545687675476074,19.691205978393555,0,0,1.423274278640747,0.9999999403953552,0.9999999403953552,1
Tree_107,4.4551167488098145,-26.93704033,16.80643653869629,0,0,2.892609119415283,0.9999998807907104,0.9999998807907104,1
Tree_45,36.65019607543945,10.832715034484863,20.049713134765625,0,0,-0.810375929,1,1,1
Tree_53,42.95010757446289,10.905596733093262,20.46919059753418,0,0,0.32783129811286926,1,1,1
Tree_4,30.344635009765625,32.318885803222656,20.876201629638672,0,0,-1.786508799,1,1,1
Tree_4,19.513534545898438,-26.32845688,17.54680061340332,0,0,-2.141908884,0.9999999403953552,0.9999999403953552,1
Tree_25,-35.40294647,11.128087043762207,17.99174690246582,0,0,-0.05865914,1,1,1
Tree_47,-42.1853714,-25.00881004,15.460886001586914,0,0,1.9913257360458374,1,1,1
Tree_27,-3.489947557,-25.80414391,16.534439086914062,0,0,0.9752203226089478,1,1,1
Tree_120,36.71711730957031,32.67438507080078,21.296798706054688,0,0,-2.0792768,1,1,1
Tree_6,-0.031894613,-25.45402145,16.680103302001953,0,0,-1.371390939,1,1,1
Tree_75,8.005247116088867,-25.78279495,17.011844635009766,0,0,3.1001641750335693,1,1,1
Tree_55,10.380722045898438,-25.80101013,17.120779037475586,0,0,2.3724403381347656,1,1,1
Tree_115,41.18050765991211,32.560848236083984,21.79892349243164,0,0,-2.378662109,1.0000001192092896,1.0000001192092896,1
Tree_72,35.40497970581055,-25.37289429,18.50826644897461,0,0,0.6520469188690186,1,1,1
Tree_36,39.65941238,-25.96819115,18.82657241821289,0,0,0.8856972455978394,1,1,1
Tree_78,45.550498962402344,-25.56489944,19.32314109802246,0,0,-0.590229869,0.9999999403953552,0.9999999403953552,1
Tree_2,-46.89556503,43.110626220703125,23.744768142700195,0,0,-0.764845967,0.9999999403953552,0.9999999403953552,1
Tree_25,6.417008399963379,11.648693084716797,18.606426239013672,0,0,3.1190826892852783,0.9999998807907104,0.9999998807907104,1
Tree_76,-10.67134762,-24.44408226,16.371097564697266,0,0,2.4858784675598145,0.9999998807907104,0.9999998807907104,1
Tree_101,-14.37574959,47.18241882324219,20.721134185791016,0,0,2.2261900901794434,1,1,1
Tree_23,-47.07496643,33.48651885986328,23.078975677490234,0,0,0.10977201163768768,1,1,1
Tree_63,-34.71825409,43.57453155517578,21.52509307861328,0,0,-0.049506329,1,1,1
Tree_20,-30.16585732,33.10041809082031,20.06511116027832,0,0,-2.009683609,0.9999999403953552,0.9999999403953552,1
Tree_28,-16.49582291,33.88060760498047,19.668880462646484,0,0,1.2143584489822388,1,1,1
Tree_47,15.913723945617676,47.89817428588867,20.922222137451172,0,0,-1.813760996,1,1,1
Tree_38,-35.69696045,-23.05939484,15.747621536254883,0,0,0.21798497438430786,1,1,1
Tree_48,40.49159240722656,12.988362312316895,20.41287612915039,0,0,-0.057283387,0.9999999403953552,0.9999999403953552,1
Tree_48,-32.66710663,-23.59928322,15.818221092224121,0,0,2.793060779571533,1,1,1
Tree_37,-30.48994637,-23.15788651,15.90121841430664,0,0,-2.692875385,1,1,1
Tree_23,-20.42411995,-23.90847588,16.167057037353516,0,0,2.680021286010742,0.9999999403953552,0.9999999403953552,1
Tree_54,-0.251349598,-23.06427193,16.76253318786621,0,0,-1.648035407,1,1,1
Tree_115,24.23717498779297,-23.03980064,17.936973571777344,0,0,-2.974980593,1.0000001192092896,1.0000001192092896,1
Tree_10,46.078208923339844,-23.34374237,19.45264244,0,0,2.120204210281372,1,1,1
Tree_69,-49.06208038,-22.86734772,15.314644813537598,0,0,0.052341063,1,1,1
Tree_47,-5.372304916,49.27324676513672,20.913637161254883,0,0,2.5382821559906006,1,1,1
Tree_48,47.096031188964844,12.59547233581543,20.823749542236328,0,0,-0.212979227,1,1,1
Tree_38,-9.026754379,33.752803802490234,19.73900795,0,0,3.0585508346557617,0.9999999403953552,0.9999999403953552,1
Tree_79,-11.94933128,-22.90334511,16.41085433959961,0,0,2.3487377166748047,1,1,1
Tree_109,-9.648457527,-22.71567154,16.472408294677734,0,0,-3.035206318,1,1,1
Tree_65,-5.966127396,-22.66401672,16.578031539916992,0,0,-1.387480855,1,1,1
Tree_15,-2.134049416,-22.29216766,16.723148345947266,0,0,-0.644599438,1,1,1
Tree_43,41.07425308227539,-22.57149887,19.05865478515625,0,0,-2.367873192,1,1,1
Tree_61,49.787837982177734,-22.02728081,19.81933022,0,0,1.7044655084609985,1,1,1
Tree_14,8.282010078430176,33.26452637,19.839500427246094,0,0,-1.319106817,1,1,1
Tree_2,37.63421630859375,49.25062942504883,22.058513641357422,0,0,1.2734330892562866,1,1,1
Tree_63,24.863906860351562,33.174842834472656,20.558317184448242,0,0,0.3867779076099396,1,1,1
Tree_41,-45.30847168,34.567230224609375,23.03659439086914,0,0,-2.637577534,0.9999998807907104,0.9999998807907104,1
Tree_74,3.871969461,-21.46804619,16.994300842285156,0,0,-2.813163519,1,1,1
Tree_33,28.019725799560547,-21.36961365,18.219417572021484,0,0,1.391505241394043,0.9999999403953552,0.9999999403953552,1
Tree_118,33.167633056640625,-21.71195602,18.520132064819336,0,0,-0.791808307,1,1,1
Tree_104,36.72555923461914,-21.05755615,18.800968170166016,0,0,0.7885262370109558,1,1,1
Tree_49,-22.29546356,13.852601051330566,18.136356353759766,0,0,-1.892791271,1,1,1
Tree_120,-9.785452843,13.694334030151367,18.36359405517578,0,0,-1.549182534,0.9999999403953552,0.9999999403953552,1
Tree_60,-32.62081909,34.887718200683594,20.582157135009766,0,0,-2.403256178,1,1,1
Tree_6,-18.65725708,-20.41060066,16.36638641357422,0,0,2.894399881362915,1,1,1
Tree_34,-23.65039635,34.23756408691406,19.751413345336914,0,0,1.3843263387680054,0.9999999403953552,0.9999999403953552,1
Tree_113,26.157289505004883,13.107440948486328,19.478260040283203,0,0,-2.428402662,1,1,1
Tree_26,38.38146973,13.566594123840332,20.29987335205078,0,0,0.9144443273544312,1,1,1
Tree_116,11.828447341918945,-20.45728683,17.399433135986328,0,0,-0.22161068,1,1,1
Tree_15,-1.061787367,49.55272674560547,20.90170669555664,0,0,0.7210625410079956,1,1,1
Tree_64,46.282772064208984,-20.08184814,19.578367233276367,0,0,-1.692069769,1,1,1
Tree_112,-46.92442322,-19.31411743,15.526532173156738,0,0,-0.916953325,1,1,1
Tree_102,-36.74112701,-19.82436752,15.84785270690918,0,0,2.5259201526641846,1,1,1
Tree_32,-13.48616028,34.61487579345703,19.76305389404297,0,0,-0.130608156,0.9999999403953552,0.9999999403953552,1
Tree_42,47.05622482299805,47.98746871948242,22.75389862060547,0,0,1.0542179346084595,1,1,1
Tree_71,-11.6293602,-19.23264313,16.587970733642578,0,0,-2.749724865,1,1,1
Tree_110,21.188983917236328,34.440399169921875,20.424823760986328,0,0,1.0296024084091187,0.9999999403953552,0.9999999403953552,1
Tree_32,5.204526901245117,-19.41576767,17.128475189208984,0,0,2.6090879440307617,1.0000001192092896,1.0000001192092896,1
Tree_101,44.00621795654297,34.115840911865234,22.117294311523438,0,0,-0.732672036,0.9999999403953552,0.9999999403953552,1
Tree_47,-42.84156799,35.30979537963867,22.77697182,0,0,3.006803035736084,1,1,1
Tree_61,24.051084518432617,-19.09191513,18.087299346923828,0,0,1.5284274816513062,0.9999999403953552,0.9999999403953552,1
Tree_49,29.10196876525879,-19.33860016,18.372142791748047,0,0,-1.705741167,1,1,1
Tree_11,15.22618579864502,49.89398193359375,21.081817626953125,0,0,2.7188780307769775,1.0000001192092896,1.0000001192092896,1
Tree_44,-40.38598633,-18.83622742,15.774606704711914,0,0,-0.440036058,0.9999999403953552,0.9999999403953552,1
Tree_118,8.403951644897461,14.560962677001953,18.832256317138672,0,0,0.46559399366378784,1,1,1
Tree_13,20.238319396972656,14.114395141601562,19.294387817382812,0,0,0.3114294409751892,1,1,1
Tree_67,34.95014572143555,14.702651023864746,20.12192153930664,0,0,-1.219649911,1,1,1
Tree_15,48.66625977,14.561756134033203,21.034391403198242,0,0,2.1643660068511963,1,1,1
Tree_115,-8.4871912,-18.44839859,16.691085815429688,0,0,-0.313361675,0.9999999403953552,0.9999999403953552,1
Tree_70,-4.330619335,-18.36199951,16.806501388549805,0,0,0.056310192,1,1,1
Tree_31,2.321795701980591,-18.64396858,17.03466033935547,0,0,1.6206295490264893,1,1,1
Tree_112,9.515867233276367,-18.51442337,17.361921310424805,0,0,-1.364755869,0.9999999403953552,0.9999999403953552,1
Tree_14,-49.08177567,-17.70650101,15.506715774536133,0,0,1.950144648551941,1,1,1
Tree_2,-35.80511856,-17.32224274,15.987222671508789,0,0,-2.077933788,1,1,1
Tree_50,-17.24502945,-17.80810356,16.520309448242188,0,0,-1.953421831,1,1,1
Tree_75,15.689899444580078,43.10886001586914,20.616294860839844,0,0,0.4913487434387207,1,1,1
Tree_27,1.580675721168518,35.56795883178711,19.935468673706055,0,0,2.915342330932617,1,1,1
Tree_40,4.184469223022461,-17.20628548,17.16559600830078,0,0,-0.941568136,0.9999999403953552,0.9999999403953552,1
Tree_50,-14.83449745,15.510093688964844,18.391603469848633,0,0,1.1618666648864746,0.9999999403953552,0.9999999403953552,1
Tree_52,12.249412536621094,-17.85325432,17.521018981933594,0,0,-0.23857297,0.9999999403953552,0.9999999403953552,1
Tree_73,20.533477783203125,-17.52581406,17.955076217651367,0,0,-2.629668951,0.9999999403953552,0.9999999403953552,1
Tree_28,-10.21941566,15.998395919799805,18.500823974609375,0,0,-0.582773268,0.9999999403953552,0.9999999403953552,1
Tree_14,12.24536418914795,35.96318817138672,20.10563087463379,0,0,0.6303691864013672,1,1,1
Tree_66,35.57543182373047,-17.16034698,18.87213134765625,0,0,-1.455411792,1,1,1
Tree_44,14.893376350402832,35.05384826660156,20.159318923950195,0,0,-3.028238058,0.9999999403953552,0.9999999403953552,1
Tree_102,42.49351501464844,-17.97980309,19.354846954345703,0,0,0.44100213050842285,1,1,1
Tree_7,17.99231529,35.010948181152344,20.300621032714844,0,0,0.075646251,0.9999999403953552,0.9999999403953552,1
Tree_72,47.60282897949219,-17.52125931,19.776775360107422,0,0,0.35598811507225037,1,1,1
Tree_15,-44.3312149,-16.56242371,15.73129653930664,0,0,-1.203371286,0.9999999403953552,0.9999999403953552,1
Tree_60,49.018497467041016,35.600852966308594,22.556127548217773,0,0,-2.955660105,1.0000001192092896,1.0000001192092896,1
Tree_31,-40.65026093,-16.2853241,15.880582809448242,0,0,1.2555365562438965,1,1,1
Tree_105,-20.79554939,-16.65992737,16.469758987426758,0,0,-2.512445211,1,1,1
Tree_113,-38.48793793,16.049297332763672,18.815406799316406,0,0,-1.526666641,1,1,1
Tree_77,-13.47187996,-16.82318497,16.661415100097656,0,0,0.3874184489250183,1,1,1
Tree_101,-21.95620537,48.54921340942383,20.825458526611328,0,0,1.2038226127624512,1,1,1
Tree_68,-36.33172989,36.09843826293945,21.394542694091797,0,0,0.2459419071674347,1,1,1
Tree_110,3.9096198081970215,48.40716552734375,20.79975128173828,0,0,-3.136606693,1,1,1
Tree_26,27.392009735107422,-16.87016296,18.367876052856445,0,0,0.16498392820358276,1,1,1
Tree_48,33.75825500488281,-16.04551125,18.797561645507812,0,0,1.483622670173645,0.9999999403953552,0.9999999403953552,1
Tree_59,49.78331756591797,-16.37697983,20.00627326965332,0,0,-1.791546822,0.9999999403953552,0.9999999403953552,1
Tree_116,36.26338577270508,43.715858459472656,21.765913009643555,0,0,1.4205615520477295,1,1,1
Tree_41,-22.45108795,36.26130676269531,19.849132537841797,0,0,0.11038488149642944,0.9999999403953552,0.9999999403953552,1
Tree_71,-14.54299927,36.67680740356445,19.90713882446289,0,0,1.2369576692581177,1,1,1
Tree_37,-16.01145935,-15.18735504,16.67176628112793,0,0,2.5759077072143555,0.9999999403953552,0.9999999403953552,1
Tree_56,0.398996502,-15.44688606,17.08951759338379,0,0,1.312213421,1,1,1
Tree_11,-45.06867981,44.402809143066406,23.437816619873047,0,0,1.5637571811676025,1,1,1
Tree_37,16.611675262451172,16.186302185058594,19.247039794921875,0,0,0.38542240858078003,1,1,1
Tree_79,31.000446319580078,-15.94098759,18.62313461303711,0,0,-0.648866713,1,1,1
Tree_6,18.68234634399414,16.116336822509766,19.334007263183594,0,0,-2.046792984,1,1,1
Tree_45,36.21942901611328,16.312633514404297,20.28852653503418,0,0,1.5227514505386353,1,1,1
Tree_48,-49.72298431,17.02890968322754,19.724470138549805,0,0,-2.353820324,1,1,1
Tree_14,47.26287841796875,-15.54833221,19.824790954589844,0,0,1.0107812881469727,1,1,1
Tree_72,-42.93054199,-14.32727337,15.878636360168457,0,0,2.8381733894348145,0.9999999403953552,0.9999999403953552,1
Tree_77,-29.70492744,-14.06121826,16.324390411376953,0,0,0.5763733386993408,0.9999999403953552,0.9999999403953552,1
Tree_54,-25.75985718,-14.36737633,16.428232192993164,0,0,0.8058705925941467,1,1,1
Tree_24,-3.184065342,-14.00003242,17.025527954101562,0,0,-2.308773041,1,1,1
Tree_29,-35.32580566,17.098703384399414,18.47889518737793,0,0,1.3378303050994873,0.9999999403953552,0.9999999403953552,1
Tree_62,-22.88556671,17.69759178161621,18.38318634033203,0,0,-1.453132272,1,1,1
Tree_110,42.192970275878906,49.095489501953125,22.394264221191406,0,0,-3.109410286,1,1,1
Tree_113,16.776430130004883,-14.84169769,17.866086959838867,0,0,0.8257449865341187,1,1,1
Tree_31,25.774677276611328,36.25693893432617,20.75744629,0,0,2.6189963817596436,1,1,1
Tree_12,-2.724838495,17.394420623779297,18.706899642944336,0,0,1.378927230834961,1,1,1
Tree_47,23.25611114501953,17.853538513183594,19.657127380371094,0,0,0.2835316061973572,1,1,1
Tree_67,27.860435485839844,36.20286560058594,20.87529182434082,0,0,2.898822069168091,1.0000001192092896,1.0000001192092896,1
Tree_39,-48.17024994,37.690887451171875,24.095909118652344,0,0,2.2562694549560547,1,1,1
Tree_22,-43.4829216,37.579776763916016,23.077163696289062,0,0,-3.127998352,0.9999998807907104,0.9999998807907104,1
Tree_34,41.51621627807617,17.688182830810547,20.723798751831055,0,0,-1.904440999,1,1,1
Tree_17,-42.03052902,18.759538650512695,19.445438385009766,0,0,-1.751014352,1,1,1
Tree_64,-38.31137466,18.96285629272461,18.960994720458984,0,0,0.508988082,1,1,1
Tree_73,-29.39580536,18.477901458740234,18.306154251098633,0,0,-0.353054404,1,1,1
Tree_51,-32.01931381,44.586875915527344,21.279312133789062,0,0,-3.077023029,0.9999999403953552,0.9999999403953552,1
Tree_42,-31.23169899,37.03049850463867,20.59101676940918,0,0,-0.079444267,1,1,1
Tree_112,-6.192679405,-12.95197487,17.00128173828125,0,0,1.2375596761703491,0.9999999403953552,0.9999999403953552,1
Tree_43,5.101778984069824,-12.62369347,17.382455825805664,0,0,-2.484624624,1,1,1
Tree_115,5.159126281738281,18.685150146484375,18.936124801635742,0,0,-3.106635332,0.9999999403953552,0.9999999403953552,1
Tree_8,-25.3841362,37.406333923339844,20.108829498291016,0,0,-0.557575703,1,1,1
Tree_36,-31.02428627,-11.87112236,16.39154052734375,0,0,1.6386339664459229,1,1,1
Tree_30,-12.83619499,44.71600341796875,20.54096221923828,0,0,2.6708786487579346,1.0000001192092896,1.0000001192092896,1
Tree_111,-9.094599724,-11.73432732,17.00752067565918,0,0,1.1930981874465942,1,1,1
Tree_68,-5.505609035,-11.03761482,17.109169006347656,0,0,-2.084485292,1,1,1
Tree_72,9.835482597351074,-11.21114731,17.643390655517578,0,0,1.369728922843933,1,1,1
Tree_38,-8.740848541,44.70842742919922,20.562610626220703,0,0,1.2335747480392456,0.9999999403953552,0.9999999403953552,1
Tree_42,12.217823028564453,-11.61811352,17.74578094482422,0,0,-0.259884566,1,1,1
Tree_41,16.67905044555664,-11.41385841,17.98647117614746,0,0,-0.846742988,1,1,1
Tree_7,24.275012969970703,-11.86561394,18.383617401123047,0,0,-2.550093651,0.9999999403953552,0.9999999403953552,1
Tree_120,25.21618652,48.189353942871094,21.246448516845703,0,0,-1.040900588,1,1,1
Tree_80,44.36338424682617,-11.97117805,19.700164794921875,0,0,-0.855612397,1,1,1
Tree_113,49.87038040161133,-11.33716393,20.17030143737793,0,0,1.0675666332244873,1,1,1
Tree_67,2.9877145290374756,37.70232009887695,20.08658790588379,0,0,-0.162136659,0.9999999403953552,0.9999999403953552,1
Tree_67,-23.51835251,-10.94117928,16.65615463256836,0,0,-0.971010029,1,1,1
Tree_112,-32.95666504,19.212366104125977,18.508865356445312,0,0,-2.751540422,1,1,1
Tree_116,7.735512733459473,37.27145767211914,20.083242416381836,0,0,1.946210503578186,1,1,1
Tree_24,-3.61752367,-10.31607056,17.183015823364258,0,0,1.5913448333740234,1,1,1
Tree_76,-11.05278111,19.79039192199707,18.73674774169922,0,0,2.0578110218048096,0.9999999403953552,0.9999999403953552,1
Tree_33,-4.033946037,19.533462524414062,18.821247100830078,0,0,-1.584704161,0.9999998807907104,0.9999998807907104,1
Tree_106,27.136157989501953,-10.48942757,18.600650787353516,0,0,1.6603528261184692,1,1,1
Tree_14,19.695398330688477,19.05719566345215,19.552953720092773,0,0,0.630392849,1,1,1
Tree_53,31.030521392822266,48.70913314819336,21.595455169677734,0,0,-0.161880448,1,1,1
Tree_13,25.538219451904297,19.358854293823242,19.85494613647461,0,0,2.636802911758423,1,1,1
Tree_42,17.524911880493164,37.05447769165039,20.374855041503906,0,0,-2.880998373,0.9999999403953552,0.9999999403953552,1
Tree_74,-31.35427856,-9.824557304,16.48341178894043,0,0,1.8630632162094116,0.9999999403953552,0.9999999403953552,1
Tree_56,22.103275299072266,37.541221618652344,20.62179183959961,0,0,0.5736444592475891,1,1,1
Tree_51,40.821922302246094,19.803476333618164,20.782604217529297,0,0,0.749252975,1,1,1
Tree_105,10.788301467895508,-9.022309303,17.766820907592773,0,0,0.2240200787782669,0.9999999403953552,0.9999999403953552,1
Tree_16,49.21757888793945,-9.439651489,20.165449142456055,0,0,-1.053341508,1,1,1
Tree_74,44.28911209106445,37.080482482910156,22.13154411315918,0,0,2.772336959838867,1,1,1
Tree_77,44.65650177001953,19.312469482421875,21.03484535217285,0,0,1.6729893684387207,1,1,1
Tree_71,-19.9138813,-8.914736748,16.85755729675293,0,0,-1.1689924,1,1,1
Tree_77,-16.74250603,-8.488723755,16.963314056396484,0,0,-2.649586201,1.0000001192092896,1.0000001192092896,1
Tree_72,4.114162445068359,-8.267162323,17.51763343811035,0,0,-2.256186962,1,1,1
Tree_54,7.461264610290527,-8.933897018,17.62505340576172,0,0,-1.148815989,1,1,1
Tree_57,-47.39858246,20.451650619506836,20.17407799,0,0,-0.555360734,1,1,1
Tree_2,49.086082458496094,48.90331268310547,22.953279495239258,0,0,2.7833330631256104,1.0000001192092896,1.0000001192092896,1
Tree_51,-33.43514252,38.54450988769531,20.993671417236328,0,0,-3.019569874,1,1,1
Tree_65,4.648442268371582,44.902862548828125,20.553386688232422,0,0,-1.428458571,1,1,1
Tree_8,19.988996505737305,-8.205377579,18.28339958190918,0,0,-0.99199152,1,1,1
Tree_113,-17.89283943,38.697486877441406,20.031789779663086,0,0,0.2987269163131714,1,1,1
Tree_58,-46.72227859,49.88534164428711,24.217849731445312,0,0,-1.899141669,0.9999998807907104,0.9999998807907104,1
Tree_75,17.295299530029297,44.818843841552734,20.763423919677734,0,0,2.6112959384918213,0.9999999403953552,0.9999999403953552,1
Tree_55,13.583243370056152,20.472179412841797,19.35717010498047,0,0,1.8738535642623901,1,1,1
Tree_116,31.092702865600586,20.014028549194336,20.07477569580078,0,0,2.146181822,0.9999999403953552,0.9999999403953552,1
Tree_53,22.919254302978516,44.784698486328125,20.98371696472168,0,0,-3.065296173,1.0000001192092896,1.0000001192092896,1
Tree_53,-31.81561279,-7.197170258,16.60913848876953,0,0,2.169070243835449,0.9999999403953552,0.9999999403953552,1
Tree_27,-25.63156891,-7.279892445,16.777883529663086,0,0,-2.631957293,0.9999999403953552,0.9999999403953552,1
Tree_25,49.479087829589844,20.245960235595703,21.442554473876953,0,0,-0.807522774,1,1,1
Tree_70,-41.42480469,21.536739349365234,19.699670791625977,0,0,-1.631838322,1,1,1
Tree_51,-37.22079086,21.855600357055664,19.25466537475586,0,0,1.101285457611084,0.9999999403953552,0.9999999403953552,1
Tree_28,-14.3222208,21.397789001464844,18.799354553222656,0,0,-1.607437015,1,1,1
Tree_79,48.05161666870117,-7.50799942,20.119415283203125,0,0,1.6059043407440186,1,1,1
Tree_5,-47.84400558,45.32449722290039,23.988590240478516,0,0,0.8385520577430725,0.9999999403953552,0.9999999403953552,1
Tree_18,37.658660888671875,21.724302291870117,20.753135681152344,0,0,-0.143010005,1,1,1
Tree_69,-28.22373962,-6.228455067,16.762775421142578,0,0,1.0390398502349854,0.9999999403953552,0.9999999403953552,1
Tree_4,-15.64213943,-6.175700188,17.107315063476562,0,0,0.9693203568458557,1,1,1
Tree_103,-13.31992722,-6.84899044,17.13671303,0,0,-2.613198042,1,1,1
Tree_17,-1.972343206,-6.728079796,17.393688201904297,0,0,2.2098493576049805,0.9999999403953552,0.9999999403953552,1
Tree_47,0.5662674307823181,-6.32747364,17.48202133178711,0,0,-0.5603351,1,1,1
Tree_49,-49.65815353,22.061994552612305,20.575428009033203,0,0,2.5442328453063965,1,1,1
Tree_80,-23.13149643,-5.385174751,16.948339462280273,0,0,-1.136023879,1,1,1
Tree_27,-20.13643646,-5.784173489,17.00976563,0,0,-0.33633402,1,1,1
Tree_28,-17.96694946,-5.315678596,17.09126853942871,0,0,-0.60632509,1,1,1
Tree_79,-6.54532814,-5.395882607,17.38142204284668,0,0,2.614311695098877,0.9999999403953552,0.9999999403953552,1
Tree_33,8.325934410095215,49.223819732666016,20.87299346923828,0,0,1.3994503021240234,1,1,1
Tree_34,5.914028167724609,-5.891685486,17.68705177307129,0,0,-0.484803945,1,1,1
Log_3,-49.31853867,-49.03178406,14.467574119567871,0,0,1.3059163093566895,0.9999999403953552,0.9999999403953552,1
Log_3,24.159425735473633,18.337554931640625,19.72859764099121,0,0,-1.232945085,1,1,1
Log_1,-6.931576729,8.945569992,18.130701065063477,0,0,0.39313647150993347,1,1,1
Log_4,-16.36927986,-32.46798706,15.89542007446289,0,0,-0.965768576,0.9999999403953552,0.9999999403953552,1
Log_2,49.656211853027344,21.831897735595703,21.538455963134766,0,0,1.8748278617858887,0.9999998807907104,0.9999998807907104,1
Log_3,-43.2611618,30.130475997924805,21.57552719116211,0,0,2.1778111457824707,1,1,1
Log_2,-4.326103687,-49.97182465,15.524065971374512,0,0,1.162791371,1,1,1
Log_5,45.57368087768555,-20.56745911,19.501934051513672,0,0,0.045352541,1,1,1
Log_3,11.879645347595215,-0.111988269,18.187156677246094,0,0,-0.124833956,1,1,1
Log_3,17.27912139892578,-49.80289841,16.29194450378418,0,0,1.6226177215576172,1,1,1
Log_5,24.912357330322266,-16.2344532,18.249210357666016,0,0,1.3768013715744019,1,1,1
Log_5,-47.63511658,10.137130737304688,18.725784301757812,0,0,-1.012450695,0.9999999403953552,0.9999999403953552,1
Log_1,17.738950729370117,37.647193908691406,20.412704467773438,0,0,-1.388231397,0.9999999403953552,0.9999999403953552,1
Log_4,49.54768371582031,-49.28481674,18.60297203063965,0,0,-2.481282234,1,1,1
Log_2,-38.92352676,-31.70868301,15.319504737854004,0,0,-0.309427679,1,1,1
Log_4,-23.98934555,37.51394271850586,20.020320892333984,0,0,0.8085431456565857,1,1,1
Log_4,-27.20922852,15.283658027648926,18.085508346557617,0,0,1.420059323310852,1,1,1
Log_2,-7.038229942,-14.51817703,16.908321380615234,0,0,2.142118453979492,1,1,1
Log_3,-26.98185539,-5.083379269,16.859142303466797,0,0,-1.206880927,1,1,1
Log_1,40.55554962158203,-0.906142831,19.818201065063477,0,0,-2.750288963,0.9999999403953552,0.9999999403953552,1
Rock_5,-48.10136414,-49.50196075,14.484299659729004,0,0,2.745677947998047,2,2,2
Rock_10,-8.183805466,10.57523250579834,18.201786041259766,0,0,1.363453984260559,0.9999999403953552,0.9999999403953552,1
Rock_7,3.2179317474365234,29.931995391845703,19.55589485168457,0,0,-1.36579299,1,1,1
Rock_3,-20.58540916,-49.77322388,15.104043006896973,0,0,0.9522966742515564,1,1,1
Rock_8,-49.43590927,-4.362931728,16.686498641967773,0,0,0.1607159972190857,0.9999999403953552,0.9999999403953552,1
Rock_8,3.192945957183838,-49.30230713,15.809038162231445,0,0,2.324059486,1,1,1
Rock_2,7.685723304748535,-8.471775055,17.653636932373047,0,0,-0.82083863,1,1,1
Rock_2,26.983924865722656,-49.22507858,16.79332160949707,0,0,3.087951898574829,0.9999999403953552,0.9999999403953552,1
Rock_10,48.568328857421875,-24.9140892,19.606040954589844,0,0,-1.93045783,1,1,1
Rock_6,48.65834045410156,48.076053619384766,22.888835906982422,0,0,-2.486843824,0.9999999403953552,0.9999999403953552,1
Rock_3,-20.85996056,37.514373779296875,19.909412384033203,0,0,-2.531447649,0.9999999403953552,0.9999999403953552,1
Rock_4,28.58470916748047,36.91956711,20.948097229003906,0,0,-2.836555004,0.9999999403953552,0.9999999403953552,1
Rock_7,-19.65078735,-9.457092285,16.837717056274414,0,0,-2.758857012,1.0000001192092896,1.0000001192092896,1
Rock_6,-49.80578613,32.188934326171875,23.03924560546875,0,0,0.8230037093162537,1,1,1
Rock_3,-37.13714218,-27.05502319,15.54327392578125,0,0,-2.025902987,0.9999998807907104,0.9999998807907104,1
Rock_5,49.81268310546875,-48.31565857,18.92496681213379,0,0,2.0683674812316895,2,2,2
Rock_8,49.771339416503906,19.736074447631836,21.435562133789062,0,0,1.1380388736724854,0.9999999403953552,0.9999999403953552,1
House_1,-3.47998,37.782135,19.883497,0.076562,0,0,1,1,1
House_2,28.608505,25.132233,19.988026,0,0,-0.087266,1,1,1
House_3,-1.085052,11.410263,18.016682,0,0,2.617994,1,1,1
House_4,15.546799,-22.295441,17.172916,0,0,1.570796,1,1,1
House_5,-38.789162,-4.129639,16.469309,-0.075963,0,-3.141593,1,1,1
House_2,-26.54158,-20.159241,15.973432,0,0,2.356194,1,1,1
House_3,36.442902,-10.70195,19.164352,0,0.060441,3.141594,1,1,1
House_4,-23.077492,24.060837,18.616396,0,0,-0.349066,1,1,1
