ref_name,loc_x,loc_y,loc_z,rot_x,rot_y,rot_z,scale_x,scale_y,scale_z,no_multimesh
Tree_117,-41.9246521,-49.43118286,14.64070702,0,0,0.036727741,1,1,1,FALSE
Tree_47,-19.60779381,-49.44243622,15.13649273,0,0,3.067129374,0.99999994,0.99999994,1,FALSE
Tree_1,-15.31346512,-49.80906296,15.22337151,0,0,0.9805457,1,1,1,FALSE
Tree_27,46.03456497,38.62556458,22.31700134,0,0,0.287758589,1,1,1,FALSE
Tree_117,9.635743141,-49.84745789,15.98362541,0,0,2.481250048,1,1,1,FALSE
Tree_13,12.58068657,-49.53928375,16.10684967,0,0,0.953672409,1,1,1,FALSE
Tree_11,25.97356796,-49.13802719,16.75497627,0,0,-0.182769284,1,1,1,FALSE
Tree_65,30.18516922,-49.38059998,16.93495941,0,0,-0.222942844,1,1,1,FALSE
Tree_57,34.20203018,-49.46147919,17.10632133,0,0,-1.16185987,1,1,1,FALSE
Tree_65,40.28895187,-49.54152298,17.31853867,0,0,-0.638060093,0.99999994,0.99999994,1,FALSE
Tree_19,44.73160553,-49.86321259,17.34381104,0,0,-0.116861083,0.99999994,0.99999994,1,FALSE
Tree_51,49.03926849,-49.80786896,18.34262276,0,0,1.725646973,0.99999994,0.99999994,1,FALSE
Tree_77,-37.7687912,-48.64162445,14.76706219,0,0,-0.645616889,0.99999994,0.99999994,1,FALSE
Tree_42,11.78982162,-5.883897781,17.9333992,0,0,1.652059793,1,1,1,FALSE
Tree_117,24.62837982,-5.784881592,18.63634109,0,0,2.716708422,1,1,1,FALSE
Tree_80,26.97714615,-5.703534126,18.77887154,0,0,1.137757182,1,1,1,FALSE
Tree_11,49.95658112,38.62120056,22.64728928,0,0,-0.931212842,1,1,1,FALSE
Tree_33,18.76044083,-48.10221863,16.44873047,0,0,-0.918301165,0.99999994,0.99999994,1,FALSE
Tree_20,21.81389618,-48.88251495,16.55234718,0,0,1.459323287,1,1,1,FALSE
Tree_25,23.69662857,-48.02720261,16.69656944,0,0,2.767194748,1.000000119,1.000000119,1,FALSE
Tree_67,-10.05012989,22.7941246,18.95414925,0,0,0.590695918,1,1,1,FALSE
Tree_105,49.28232956,-5.685789585,20.2636776,0,0,2.910344601,0.99999994,0.99999994,1,FALSE
Tree_15,22.12388039,22.14650536,19.85266304,0,0,0.0743213,1,1,1,FALSE
Tree_49,46.70392609,-48.6644516,17.83081055,0,0,0.621656537,1,1,1,FALSE
Tree_101,24.16110611,22.38868713,19.96997452,0,0,0.677783072,0.99999994,0.99999994,1,FALSE
Tree_70,-35.40641403,-47.55923462,14.86062431,0,0,2.618629694,1,1,1,FALSE
Tree_63,-39.64403152,23.42494583,19.82119751,0,0,1.01640892,0.99999994,0.99999994,1,FALSE
Tree_50,-34.42443466,23.15854263,19.29433441,0,0,-3.068621397,0.99999994,0.99999994,1,FALSE
Tree_13,-29.84761429,23.37301636,18.86903763,0,0,1.987327814,0.99999994,0.99999994,1,FALSE
Tree_2,9.295680046,23.88250351,19.3654747,0,0,0.87652123,1,1,1,FALSE
Tree_18,19.65245056,-4.812561989,18.37437439,0,0,-2.950421095,1,1,1,FALSE
Tree_50,31.9583416,-4.886615276,19.10913658,0,0,-2.040864944,1.000000119,1.000000119,1,FALSE
Tree_2,12.93966675,23.49515343,19.48840332,0,0,-2.197117805,1,1,1,FALSE
Tree_20,38.63360977,-4.402657509,19.56557083,0,0,-0.820637882,0.99999994,0.99999994,1,FALSE
Tree_2,37.2142334,-47.44465637,17.39849663,0,0,-0.225623563,1,1,1,FALSE
Tree_15,41.62333679,-47.59694672,17.51387024,0,0,-2.606678963,0.99999994,0.99999994,1,FALSE
Tree_59,49.72904968,-47.36827087,19.11999321,0,0,-2.448239565,1,1,1,FALSE
Tree_70,-37.09031296,45.92514038,22.03540993,0,0,1.059685588,1,1,1,FALSE
Tree_63,-22.04546547,39.02269745,20.03581238,0,0,-1.42399013,0.99999994,0.99999994,1,FALSE
Tree_19,42.58669281,23.49862862,21.08041763,0,0,-1.307123423,1,1,1,FALSE
Tree_77,46.96905899,23.7209568,21.45119286,0,0,1.739095569,1,1,1,FALSE
Tree_103,-31.29700279,-3.842125416,16.80414391,0,0,-2.219133377,1,1,1,FALSE
Tree_14,-25.32272339,-3.802686214,16.97638893,0,0,0.249028936,1,1,1,FALSE
Tree_3,-48.95675659,24.52815628,21.21213531,0,0,1.823842645,1,1,1,FALSE
Tree_38,44.25968933,-46.70355606,17.64211464,0,0,-1.388545871,1,1,1,FALSE
Tree_14,-30.30047226,45.79270935,21.07746506,0,0,-1.898802996,1,1,1,FALSE
Tree_23,-44.40325165,-45.65068054,14.69905663,0,0,-2.128493547,1,1,1,FALSE
Tree_78,-4.926979065,24.44825745,19.12794304,0,0,2.956513882,0.99999994,0.99999994,1,FALSE
Tree_16,-3.795106888,-3.653710842,17.51895332,0,0,1.615277886,0.99999994,0.99999994,1,FALSE
Tree_24,-18.51042938,45.91853714,20.59748459,0,0,2.58373332,0.99999994,0.99999994,1,FALSE
Tree_13,10.08550167,-3.906195164,17.94073105,0,0,-2.400339365,0.999999881,0.999999881,1,FALSE
Tree_17,-16.44558144,49.97940826,20.93886566,0,0,-2.406837225,1,1,1,FALSE
Tree_64,18.97771454,39.73140717,20.56509018,0,0,-0.619684041,1,1,1,FALSE
Tree_118,-49.36539078,-2.55059433,16.9582119,0,0,2.555824757,1,1,1,FALSE
Tree_29,38.37177277,24.03629112,20.95956612,0,0,2.121066093,1,1,1,FALSE
Tree_38,44.79734802,24.43627167,21.37252808,0,0,1.418007374,1,1,1,FALSE
Tree_35,-11.36639595,-2.085125685,17.42707253,0,0,2.319865704,1,1,1,FALSE
Tree_3,0.781359434,-2.893060207,17.64878845,0,0,-1.761222601,1,1,1,FALSE
Tree_15,33.81281662,-45.04399109,17.41611862,0,0,-2.350748539,1,1,1,FALSE
Tree_112,42.68548584,-45.40829468,17.71545029,0,0,0.860998273,1,1,1,FALSE
Tree_73,-48.27681351,40.20066452,24.06218529,0,0,1.415916562,0.99999994,0.99999994,1,FALSE
Tree_76,-6.401063919,-44.00354385,15.71879959,0,0,1.293576598,0.99999994,0.99999994,1,FALSE
Tree_39,49.55175018,24.96762848,21.72183609,0,0,3.102669001,1,1,1,FALSE
Tree_45,14.39043808,-2.806707382,18.17677498,0,0,1.824768782,1,1,1,FALSE
Tree_112,17.63782692,-2.478870153,18.35389709,0,0,1.315895915,0.99999994,0.99999994,1,FALSE
Tree_48,23.93061829,-2.519866228,18.69997406,0,0,1.732549548,1,1,1,FALSE
Tree_72,43.89494324,-2.233531952,20.0054493,0,0,2.351051569,0.99999994,0.99999994,1,FALSE
Tree_109,-43.62360001,40.96688843,22.92955589,0,0,0.790743947,1,1,1,FALSE
Tree_20,-38.03078079,25.09304428,19.93303299,0,0,-1.108469129,1,1,1,FALSE
Tree_77,-35.4513092,25.40878868,19.73714256,0,0,-0.264411569,1,1,1,FALSE
Tree_61,48.95196533,-44.814888,19.0953331,0,0,1.355947495,1,1,1,FALSE
Tree_57,-41.75276566,-43.33776855,14.84530067,0,0,0.313301414,1,1,1,FALSE
Tree_115,-37.99501801,-43.70814514,14.93145943,0,0,0.162051767,0.99999994,0.99999994,1,FALSE
Tree_75,-13.81249523,25.10570335,19.06515503,0,0,-0.284542859,1,1,1,FALSE
Tree_74,16.74369812,25.11997604,19.7419548,0,0,-0.34109211,1,1,1,FALSE
Tree_71,13.54690552,-43.69501877,16.44412422,0,0,0.070338175,1,1,1,FALSE
Tree_52,45.88903427,-1.632953167,20.16521072,0,0,-1.629368424,0.99999994,0.99999994,1,FALSE
Tree_104,-49.11579132,-0.339943647,17.17260742,0,0,0.378494799,0.99999994,0.99999994,1,FALSE
Tree_6,46.37462616,-43.16679764,18.45859528,0,0,-0.469474077,1,1,1,FALSE
Tree_7,-48.63550568,-42.94902802,14.66675472,0,0,-0.017038567,1,1,1,FALSE
Tree_13,42.02025223,45.19659424,22.25860596,0,0,-0.024230197,0.99999994,0.99999994,1,FALSE
Tree_15,13.82373333,40.74206543,20.42322922,0,0,0.339407027,1,1,1,FALSE
Tree_77,37.02721405,25.92415428,20.93388367,0,0,0.856768787,1,1,1,FALSE
Tree_59,-28.29735565,-0.211187094,17.1003418,0,0,-2.659275532,1,1,1,FALSE
Tree_26,-25.00669479,-0.615061641,17.16308784,0,0,1.136202812,0.99999994,0.99999994,1,FALSE
Tree_32,-14.06143665,-0.827743471,17.42670822,0,0,2.196134567,1,1,1,FALSE
Tree_106,-48.62214661,26.80189514,21.74533081,0,0,0.012809993,0.99999994,0.99999994,1,FALSE
Tree_113,49.20143127,45.65976334,22.87443542,0,0,2.747200489,1.000000119,1.000000119,1,FALSE
Tree_71,42.96185684,-42.12537766,18.04312134,0,0,0.489033878,1,1,1,FALSE
Tree_79,-41.20994568,26.13592148,20.50753403,0,0,0.325610608,1,1,1,FALSE
Tree_104,-28.3822403,26.09343719,19.13387489,0,0,-0.486726731,1,1,1,FALSE
Tree_35,-40.07001114,-41.92988205,14.9377079,0,0,-2.442076921,0.99999994,0.99999994,1,FALSE
Tree_11,-34.0514679,46.83600616,21.6922493,0,0,2.945943832,0.99999994,0.99999994,1,FALSE
Tree_58,-27.63524246,-41.04497528,15.28247547,0,0,1.388314605,1,1,1,FALSE
Tree_73,22.94473648,40.60089493,20.80397034,0,0,1.593812466,1,1,1,FALSE
Tree_33,-9.868573189,26.54401016,19.21452904,0,0,-2.939094305,0.999999881,0.999999881,1,FALSE
Tree_75,-5.329930782,26.74131393,19.27796173,0,0,-2.325566292,1,1,1,FALSE
Tree_30,23.27398491,-41.89321518,16.99455643,0,0,-2.508239031,1,1,1,FALSE
Tree_105,28.62092209,-41.48850632,17.31956291,0,0,1.613380671,1,1,1,FALSE
Tree_40,31.37277603,-0.367828101,19.23826599,0,0,2.789171219,0.99999994,0.99999994,1,FALSE
Tree_23,-37.40177917,41.93545532,21.80620384,0,0,-2.827290297,1,1,1,FALSE
Tree_59,49.15384293,-41.67785263,19.00064278,0,0,2.268835068,0.99999994,0.99999994,1,FALSE
Tree_102,5.114905834,26.28684616,19.36265564,0,0,-1.059066534,0.99999994,0.99999994,1,FALSE
Tree_10,-35.22492599,41.25307465,21.40256119,0,0,-1.547492862,1,1,1,FALSE
Tree_61,-22.13765907,0.912137389,17.32429123,0,0,2.635336161,1,1,1,FALSE
Tree_12,8.129611015,26.75602722,19.47678757,0,0,0.928925037,0.99999994,0.99999994,1,FALSE
Tree_34,-11.16285229,0.646292508,17.57615662,0,0,-0.22839573,0.99999994,0.99999994,1,FALSE
Tree_64,25.1301918,-40.28783417,17.17996025,0,0,-1.760032058,1,1,1,FALSE
Tree_13,-32.3393631,41.29652786,21.05254364,0,0,1.411958218,1,1,1,FALSE
Tree_29,-27.81231308,46.80727386,20.87059212,0,0,2.106570482,1,1,1,FALSE
Tree_40,-49.48213196,-39.66893005,14.73612595,0,0,0.858291805,1,1,1,FALSE
Tree_17,-29.00060081,41.86083221,20.76102448,0,0,-1.943590522,1,1,1,FALSE
Tree_35,39.08498383,26.60539627,21.09739494,0,0,-2.221508741,0.999999881,0.999999881,1,FALSE
Tree_11,43.42894363,26.92995453,21.7147274,0,0,-2.342078447,1,1,1,FALSE
Tree_72,-26.65813828,27.75366592,19.28112984,0,0,-0.001047357,1,1,1,FALSE
Tree_75,-16.6456604,27.0802002,19.16930962,0,0,-2.107118845,1,1,1,FALSE
Tree_53,2.690858841,46.56690979,20.66898727,0,0,2.619556189,0.99999994,0.99999994,1,FALSE
Tree_109,41.85102844,-39.34911346,18.2480545,0,0,0.900050461,1,1,1,FALSE
Tree_18,-47.6434021,-38.00027466,14.8442955,0,0,-1.321581364,1,1,1,FALSE
Tree_61,-45.55651855,-38.46382904,14.89490986,0,0,1.632461786,1,1,1,FALSE
Tree_12,-32.96657944,1.239098787,17.03087425,0,0,-1.175470471,1,1,1,FALSE
Tree_101,-27.61933517,1.797482967,17.2357502,0,0,-0.748117566,1,1,1,FALSE
Tree_51,-19.80805397,1.345690608,17.40837669,0,0,2.131523609,0.99999994,0.99999994,1,FALSE
Tree_25,14.18884659,27.12278557,19.7271328,0,0,-1.692135692,1,1,1,FALSE
Tree_69,45.33684158,1.702518702,20.24022484,0,0,-1.827526569,0.99999994,0.99999994,1,FALSE
Tree_116,47.54894257,1.26533246,20.3902092,0,0,0.113070659,1,1,1,FALSE
Tree_118,-48.39302826,2.574615479,17.47382736,0,0,-0.306225926,1,1,1,FALSE
Tree_120,46.28067017,-38.46376038,18.59875298,0,0,1.995499611,1,1,1,FALSE
Tree_8,-39.76422119,-37.89061737,15.08333397,0,0,2.6051898,1,1,1,FALSE
Tree_43,-19.77116585,41.90506744,20.26492691,0,0,-1.476182818,0.99999994,0.99999994,1,FALSE
Tree_32,-14.65919495,2.482997417,17.59432602,0,0,0.762016714,1,1,1,FALSE
Tree_46,3.16301775,2.01712203,17.99902534,0,0,1.173113942,1,1,1,FALSE
Tree_21,18.13647079,2.920890808,18.59972572,0,0,-1.058321476,1,1,1,FALSE
Tree_78,22.34895897,-37.53407288,17.1529026,0,0,-2.949141979,0.99999994,0.99999994,1,FALSE
Tree_111,17.57073784,27.24547386,19.89002991,0,0,1.176062346,1,1,1,FALSE
Tree_5,20.39595604,27.49249649,20.03940773,0,0,2.664396048,1,1,1,FALSE
Tree_19,10.07530212,46.63735199,20.71607971,0,0,-2.897610664,0.99999994,0.99999994,1,FALSE
Tree_3,-42.2360878,-36.76891708,15.04730797,0,0,0.203901023,1,1,1,FALSE
Tree_104,-38.2104454,-36.2073288,15.18546391,0,0,1.161054611,1,1,1,FALSE
Tree_65,9.660782814,41.79807663,20.39687347,0,0,-1.947244883,1,1,1,FALSE
Tree_10,1.560875773,3.420815468,18.01869011,0,0,2.962235212,1,1,1,FALSE
Tree_19,47.2336235,27.0893631,21.76190567,0,0,2.678416252,1,1,1,FALSE
Tree_26,15.91961193,-36.63565445,16.88504219,0,0,-2.778224707,1,1,1,FALSE
Tree_23,45.40140533,-36.38155365,18.67300034,0,0,0.978178203,1,1,1,FALSE
Tree_15,48.21014023,-36.45193481,18.9073925,0,0,-1.208356857,1,1,1,FALSE
Tree_108,13.96047592,46.10093307,20.74706841,0,0,2.394760609,1,1,1,FALSE
Tree_58,-42.14904404,4.997075558,17.53205299,0,0,-1.718177438,0.99999994,0.99999994,1,FALSE
Tree_74,-35.32028198,-35.78360367,15.28292561,0,0,-2.972655535,0.99999994,0.99999994,1,FALSE
Tree_12,-25.01242256,4.713298321,17.48383331,0,0,-0.976867437,1,1,1,FALSE
Tree_106,4.450406075,4.251737118,18.13455582,0,0,-0.436479837,0.99999994,0.99999994,1,FALSE
Tree_119,18.79559898,-35.99887085,17.04404831,0,0,-2.951680183,0.999999881,0.999999881,1,FALSE
Tree_56,-45.22229767,28.24913788,21.62110519,0,0,-2.135987997,0.999999881,0.999999881,1,FALSE
Tree_38,11.61385441,4.202174187,18.38355255,0,0,-1.076904058,0.99999994,0.99999994,1,FALSE
Tree_53,-42.65944672,28.64077568,21.16552734,0,0,-3.026761055,1,1,1,FALSE
Tree_52,20.14963722,4.496839046,18.76670837,0,0,2.227176428,0.99999994,0.99999994,1,FALSE
Tree_49,-44.26839066,-34.91098022,15.04700851,0,0,-2.042642593,0.99999994,0.99999994,1,FALSE
Tree_53,-40.05889511,-34.87067413,15.17650127,0,0,-1.708625674,1,1,1,FALSE
Tree_51,27.84968567,4.875709534,19.22912407,0,0,-2.304437637,1,1,1,FALSE
Tree_41,-32.65267563,28.01782608,20.00860023,0,0,2.727231741,1,1,1,FALSE
Tree_1,33.50109863,46.78882599,21.6869545,0,0,-2.154385567,1,1,1,FALSE
Tree_28,-13.88472462,49.86172485,20.9367218,0,0,-0.922093272,1,1,1,FALSE
Tree_32,-41.21268463,42.32221222,22.60460472,0,0,1.082588553,1,1,1,FALSE
Tree_12,-38.16564941,5.766766071,17.35028076,0,0,-1.495815873,0.99999994,0.99999994,1,FALSE
Tree_107,44.95069504,-34.0611763,18.81422806,0,0,2.817852736,0.99999994,0.99999994,1,FALSE
Tree_74,-48.33340836,-33.87867355,14.94816399,0,0,0.333257198,1,1,1,FALSE
Tree_60,-45.08607101,-33.06470108,15.08144855,0,0,-0.643401325,1,1,1,FALSE
Tree_106,-19.42192841,5.555461884,17.66710663,0,0,1.879814863,1,1,1,FALSE
Tree_120,-7.370889664,5.116900444,17.90571213,0,0,0.996844769,1,1,1,FALSE
Tree_51,-0.467238039,5.310762405,18.07214737,0,0,-0.407444745,0.99999994,0.99999994,1,FALSE
Tree_75,-49.13656998,29.23357582,22.38169098,0,0,1.129819512,0.99999994,0.99999994,1,FALSE
Tree_35,40.58711243,46.71949005,22.19784546,0,0,2.116471291,1,1,1,FALSE
Tree_5,8.626281738,5.608392715,18.33047485,0,0,-2.781203747,1,1,1,FALSE
Tree_29,24.15068054,5.350901127,19.01202393,0,0,2.234754324,1,1,1,FALSE
Tree_22,-42.19506073,-32.37677383,15.19430447,0,0,2.609963179,1,1,1,FALSE
Tree_27,-11.61086082,49.59970856,20.93220139,0,0,-1.007521868,1,1,1,FALSE
Tree_35,-9.616188049,49.76905441,20.95333481,0,0,1.419342518,0.99999994,0.99999994,1,FALSE
Tree_116,-18.38072777,29.63378334,19.33237457,0,0,2.332090616,1,1,1,FALSE
Tree_32,-27.3747406,6.452215195,17.52183533,0,0,-0.160506353,1,1,1,FALSE
Tree_17,-25.02180481,6.856299877,17.61350441,0,0,2.762680531,0.999999881,0.999999881,1,FALSE
Tree_49,-12.67931175,29.89445305,19.42451477,0,0,-2.53081727,1,1,1,FALSE
Tree_80,-3.294552565,6.038679123,18.05031204,0,0,0.87132138,1,1,1,FALSE
Tree_44,43.68206787,-32.4848938,18.82999039,0,0,0.212804973,0.99999994,0.99999994,1,FALSE
Tree_62,-36.75579834,-31.18422127,15.40440369,0,0,1.178891659,1,1,1,FALSE
Tree_58,4.728438377,6.284154892,18.25692368,0,0,0.68233037,1,1,1,FALSE
Tree_17,-42.11612701,47.81095886,23.00589752,0,0,-2.11092329,1,1,1,FALSE
Tree_113,5.713380814,42.73866272,20.4107132,0,0,-0.032851316,1,1,1,FALSE
Tree_46,30.93020821,6.281630516,19.47673225,0,0,2.53371191,1,1,1,FALSE
Tree_13,42.90813065,29.14289093,21.87137413,0,0,2.242460251,1,1,1,FALSE
Tree_18,-38.42273712,47.99990082,22.41257477,0,0,1.342120409,0.99999994,0.99999994,1,FALSE
Tree_36,37.64492798,6.381307125,19.90629959,0,0,-2.112970114,1,1,1,FALSE
Tree_120,45.16396332,29.48290634,22.07357597,0,0,0.5821383,1,1,1,FALSE
Tree_104,46.62632751,6.783793926,20.51841354,0,0,2.789278984,1.000000119,1.000000119,1,FALSE
Tree_76,-45.20206833,7.353137493,18.14707565,0,0,-1.807870865,0.99999994,0.99999994,1,FALSE
Tree_24,-30.57092857,30.43174934,19.84962082,0,0,-2.227675915,1,1,1,FALSE
Tree_105,-31.16900826,7.060788155,17.44052696,0,0,-2.329113483,0.99999994,0.99999994,1,FALSE
Tree_69,-7.401775837,49.84354019,20.96068954,0,0,-2.673166275,1,1,1,FALSE
Tree_72,15.2538147,7.946831703,18.72657204,0,0,3.141434193,1,1,1,FALSE
Tree_9,-7.995877266,30.48288345,19.51116943,0,0,-2.70577693,0.999999881,0.999999881,1,FALSE
Tree_102,39.78865814,-30.95951843,18.62565231,0,0,-1.170699358,1,1,1,FALSE
Tree_61,-44.76084137,-29.37301445,15.21587563,0,0,0.881386399,1,1,1,FALSE
Tree_36,42.51908875,7.993715286,20.29893112,0,0,3.107277393,1.000000119,1.000000119,1,FALSE
Tree_117,-49.90568542,8.513252258,18.40061188,0,0,2.427752495,1.000000119,1.000000119,1,FALSE
Tree_17,-47.86355591,8.471645355,18.34936714,0,0,-2.519715309,1,1,1,FALSE
Tree_27,0.847011626,30.16659546,19.56039619,0,0,1.59088695,1,1,1,FALSE
Tree_69,18.59786224,42.09679413,20.66001511,0,0,0.885119319,1,1,1,FALSE
Tree_9,6.021253586,30.08936882,19.60175514,0,0,-2.852849007,1,1,1,FALSE
Tree_74,4.20884037,8.532503128,18.3693676,0,0,-1.150156021,1,1,1,FALSE
Tree_3,17.16468048,30.76366615,20.04956818,0,0,2.284220934,0.99999994,0.99999994,1,FALSE
Tree_55,49.3169136,30.93332672,22.2474823,0,0,1.866022944,0.99999994,0.99999994,1,FALSE
Tree_61,-42.47595978,31.08235931,21.68499756,0,0,0.845609546,1,1,1,FALSE
Tree_71,28.09680939,8.705352783,19.44250679,0,0,-1.574881673,1,1,1,FALSE
Tree_18,32.31748962,8.043955803,19.64163208,0,0,-1.692070603,1,1,1,FALSE
Tree_36,-37.03894806,31.39328003,20.9444561,0,0,0.779609799,1,1,1,FALSE
Tree_29,37.81777191,-29.792696,18.52444077,0,0,2.681498766,1,1,1,FALSE
Tree_16,-48.09402084,-28.57749939,15.13510704,0,0,1.413989186,0.99999994,0.99999994,1,FALSE
Tree_29,-0.811469555,31.7789402,19.65256119,0,0,2.550756216,1,1,1,FALSE
Tree_14,13.05785751,31.74941635,19.92033386,0,0,-2.130699158,1,1,1,FALSE
Tree_61,-26.49271393,9.312466621,17.73228836,0,0,1.054311395,1,1,1,FALSE
Tree_74,-7.739496231,9.556840897,18.15074158,0,0,0.266363323,1,1,1,FALSE
Tree_114,28.75501442,31.04769516,20.71030807,0,0,1.422587395,0.99999994,0.99999994,1,FALSE
Tree_47,-1.42772913,-28.13794327,16.52112579,0,0,2.682633162,1,1,1,FALSE
Tree_20,21.16400146,42.90382004,20.81362343,0,0,-2.50795722,0.99999994,0.99999994,1,FALSE
Tree_117,-33.4646759,32.49591827,20.35664749,0,0,-1.165951014,0.99999994,0.99999994,1,FALSE
Tree_44,-38.49215698,10.84957886,18.3626442,0,0,-1.674305916,1,1,1,FALSE
Tree_14,32.14506531,-28.6968708,18.13851929,0,0,1.845757246,1,1,1,FALSE
Tree_102,39.46557617,-28.17407608,18.72318268,0,0,1.798986077,1,1,1,FALSE
Tree_30,41.90279388,-28.52249527,18.89865112,0,0,-2.590376377,1,1,1,FALSE
Tree_112,-28.15040207,32.18947601,19.8296833,0,0,2.699697495,1,1,1,FALSE
Tree_29,-41.15574646,-27.79222488,15.3901577,0,0,-2.564982176,1,1,1,FALSE
Tree_18,-18.19035721,32.12034988,19.52053452,0,0,0.215218246,0.99999994,0.99999994,1,FALSE
Tree_64,-35.2053833,-27.48212814,15.58761406,0,0,1.715731502,0.99999994,0.99999994,1,FALSE
Tree_11,-22.4634819,10.96881866,17.94313431,0,0,-3.056339979,0.99999994,0.99999994,1,FALSE
Tree_74,-11.64164829,32.50986099,19.62602615,0,0,-1.666063786,0.99999994,0.99999994,1,FALSE
Tree_42,1.155952096,32.52877045,19.71540451,0,0,0.169296503,0.99999994,0.99999994,1,FALSE
Tree_79,-12.07280922,10.22349167,18.10599518,0,0,0.833918989,1,1,1,FALSE
Tree_75,48.98890305,-27.12168503,19.54301834,0,0,-0.542009294,1,1,1,FALSE
Tree_80,-9.739969254,10.76072884,18.18510818,0,0,-1.623297811,1,1,1,FALSE
Tree_113,-25.43631744,-26.09214973,15.93649387,0,0,1.929944634,0.99999994,0.99999994,1,FALSE
Tree_23,-19.90675545,-26.60418701,16.06069183,0,0,1.182853937,1,1,1,FALSE
Tree_57,21.10562325,32.1138382,20.30754852,0,0,1.810707331,0.99999994,0.99999994,1,FALSE
Tree_39,15.39891434,10.47061539,18.86914635,0,0,0.737305105,0.99999994,0.99999994,1,FALSE
Tree_19,31.12657166,10.54568768,19.69120598,0,0,1.423274279,0.99999994,0.99999994,1,FALSE
Tree_107,4.455116749,-26.93704033,16.80643654,0,0,2.892609119,0.999999881,0.999999881,1,FALSE
Tree_45,36.65019608,10.83271503,20.04971313,0,0,-0.810375929,1,1,1,FALSE
Tree_53,42.95010757,10.90559673,20.4691906,0,0,0.327831298,1,1,1,FALSE
Tree_4,30.34463501,32.3188858,20.87620163,0,0,-1.786508799,1,1,1,FALSE
Tree_4,19.51353455,-26.32845688,17.54680061,0,0,-2.141908884,0.99999994,0.99999994,1,FALSE
Tree_25,-35.40294647,11.12808704,17.9917469,0,0,-0.05865914,1,1,1,FALSE
Tree_47,-42.1853714,-25.00881004,15.460886,0,0,1.991325736,1,1,1,FALSE
Tree_27,-3.489947557,-25.80414391,16.53443909,0,0,0.975220323,1,1,1,FALSE
Tree_120,36.71711731,32.67438507,21.29679871,0,0,-2.0792768,1,1,1,FALSE
Tree_6,-0.031894613,-25.45402145,16.6801033,0,0,-1.371390939,1,1,1,FALSE
Tree_75,8.005247116,-25.78279495,17.01184464,0,0,3.100164175,1,1,1,FALSE
Tree_55,10.38072205,-25.80101013,17.12077904,0,0,2.372440338,1,1,1,FALSE
Tree_115,41.18050766,32.56084824,21.79892349,0,0,-2.378662109,1.000000119,1.000000119,1,FALSE
Tree_72,35.40497971,-25.37289429,18.50826645,0,0,0.652046919,1,1,1,FALSE
Tree_36,39.65941238,-25.96819115,18.82657242,0,0,0.885697246,1,1,1,FALSE
Tree_78,45.55049896,-25.56489944,19.3231411,0,0,-0.590229869,0.99999994,0.99999994,1,FALSE
Tree_2,-46.89556503,43.11062622,23.74476814,0,0,-0.764845967,0.99999994,0.99999994,1,FALSE
Tree_25,6.4170084,11.64869308,18.60642624,0,0,3.119082689,0.999999881,0.999999881,1,FALSE
Tree_76,-10.67134762,-24.44408226,16.37109756,0,0,2.485878468,0.999999881,0.999999881,1,FALSE
Tree_101,-14.37574959,47.18241882,20.72113419,0,0,2.22619009,1,1,1,FALSE
Tree_23,-47.07496643,33.48651886,23.07897568,0,0,0.109772012,1,1,1,FALSE
Tree_63,-34.71825409,43.57453156,21.52509308,0,0,-0.049506329,1,1,1,FALSE
Tree_20,-30.16585732,33.10041809,20.06511116,0,0,-2.009683609,0.99999994,0.99999994,1,FALSE
Tree_28,-16.49582291,33.8806076,19.66888046,0,0,1.214358449,1,1,1,FALSE
Tree_47,15.91372395,47.89817429,20.92222214,0,0,-1.813760996,1,1,1,FALSE
Tree_38,-35.69696045,-23.05939484,15.74762154,0,0,0.217984974,1,1,1,FALSE
Tree_48,40.49159241,12.98836231,20.41287613,0,0,-0.057283387,0.99999994,0.99999994,1,FALSE
Tree_48,-32.66710663,-23.59928322,15.81822109,0,0,2.79306078,1,1,1,FALSE
Tree_37,-30.48994637,-23.15788651,15.90121841,0,0,-2.692875385,1,1,1,FALSE
Tree_23,-20.42411995,-23.90847588,16.16705704,0,0,2.680021286,0.99999994,0.99999994,1,FALSE
Tree_54,-0.251349598,-23.06427193,16.76253319,0,0,-1.648035407,1,1,1,FALSE
Tree_115,24.23717499,-23.03980064,17.93697357,0,0,-2.974980593,1.000000119,1.000000119,1,FALSE
Tree_10,46.07820892,-23.34374237,19.45264244,0,0,2.12020421,1,1,1,FALSE
Tree_69,-49.06208038,-22.86734772,15.31464481,0,0,0.052341063,1,1,1,FALSE
Tree_47,-5.372304916,49.27324677,20.91363716,0,0,2.538282156,1,1,1,FALSE
Tree_48,47.09603119,12.59547234,20.82374954,0,0,-0.212979227,1,1,1,FALSE
Tree_38,-9.026754379,33.7528038,19.73900795,0,0,3.058550835,0.99999994,0.99999994,1,FALSE
Tree_79,-11.94933128,-22.90334511,16.41085434,0,0,2.348737717,1,1,1,FALSE
Tree_109,-9.648457527,-22.71567154,16.47240829,0,0,-3.035206318,1,1,1,FALSE
Tree_65,-5.966127396,-22.66401672,16.57803154,0,0,-1.387480855,1,1,1,FALSE
Tree_15,-2.134049416,-22.29216766,16.72314835,0,0,-0.644599438,1,1,1,FALSE
Tree_43,41.07425308,-22.57149887,19.05865479,0,0,-2.367873192,1,1,1,FALSE
Tree_61,49.78783798,-22.02728081,19.81933022,0,0,1.704465508,1,1,1,FALSE
Tree_14,8.282010078,33.26452637,19.83950043,0,0,-1.319106817,1,1,1,FALSE
Tree_2,37.63421631,49.25062943,22.05851364,0,0,1.273433089,1,1,1,FALSE
Tree_63,24.86390686,33.17484283,20.55831718,0,0,0.386777908,1,1,1,FALSE
Tree_41,-45.30847168,34.56723022,23.03659439,0,0,-2.637577534,0.999999881,0.999999881,1,FALSE
Tree_74,3.871969461,-21.46804619,16.99430084,0,0,-2.813163519,1,1,1,FALSE
Tree_33,28.0197258,-21.36961365,18.21941757,0,0,1.391505241,0.99999994,0.99999994,1,FALSE
Tree_118,33.16763306,-21.71195602,18.52013206,0,0,-0.791808307,1,1,1,FALSE
Tree_104,36.72555923,-21.05755615,18.80096817,0,0,0.788526237,1,1,1,FALSE
Tree_49,-22.29546356,13.85260105,18.13635635,0,0,-1.892791271,1,1,1,FALSE
Tree_120,-9.785452843,13.69433403,18.36359406,0,0,-1.549182534,0.99999994,0.99999994,1,FALSE
Tree_60,-32.62081909,34.8877182,20.58215714,0,0,-2.403256178,1,1,1,FALSE
Tree_6,-18.65725708,-20.41060066,16.36638641,0,0,2.894399881,1,1,1,FALSE
Tree_34,-23.65039635,34.23756409,19.75141335,0,0,1.384326339,0.99999994,0.99999994,1,FALSE
Tree_113,26.15728951,13.10744095,19.47826004,0,0,-2.428402662,1,1,1,FALSE
Tree_26,38.38146973,13.56659412,20.29987335,0,0,0.914444327,1,1,1,FALSE
Tree_116,11.82844734,-20.45728683,17.39943314,0,0,-0.22161068,1,1,1,FALSE
Tree_15,-1.061787367,49.55272675,20.9017067,0,0,0.721062541,1,1,1,FALSE
Tree_64,46.28277206,-20.08184814,19.57836723,0,0,-1.692069769,1,1,1,FALSE
Tree_112,-46.92442322,-19.31411743,15.52653217,0,0,-0.916953325,1,1,1,FALSE
Tree_102,-36.74112701,-19.82436752,15.84785271,0,0,2.525920153,1,1,1,FALSE
Tree_32,-13.48616028,34.61487579,19.76305389,0,0,-0.130608156,0.99999994,0.99999994,1,FALSE
Tree_42,47.05622482,47.98746872,22.75389862,0,0,1.054217935,1,1,1,FALSE
Tree_71,-11.6293602,-19.23264313,16.58797073,0,0,-2.749724865,1,1,1,FALSE
Tree_110,21.18898392,34.44039917,20.42482376,0,0,1.029602408,0.99999994,0.99999994,1,FALSE
Tree_32,5.204526901,-19.41576767,17.12847519,0,0,2.609087944,1.000000119,1.000000119,1,FALSE
Tree_101,44.00621796,34.11584091,22.11729431,0,0,-0.732672036,0.99999994,0.99999994,1,FALSE
Tree_47,-42.84156799,35.30979538,22.77697182,0,0,3.006803036,1,1,1,FALSE
Tree_61,24.05108452,-19.09191513,18.08729935,0,0,1.528427482,0.99999994,0.99999994,1,FALSE
Tree_49,29.10196877,-19.33860016,18.37214279,0,0,-1.705741167,1,1,1,FALSE
Tree_11,15.2261858,49.89398193,21.08181763,0,0,2.718878031,1.000000119,1.000000119,1,FALSE
Tree_44,-40.38598633,-18.83622742,15.7746067,0,0,-0.440036058,0.99999994,0.99999994,1,FALSE
Tree_118,8.403951645,14.56096268,18.83225632,0,0,0.465593994,1,1,1,FALSE
Tree_13,20.2383194,14.11439514,19.29438782,0,0,0.311429441,1,1,1,FALSE
Tree_67,34.95014572,14.70265102,20.12192154,0,0,-1.219649911,1,1,1,FALSE
Tree_15,48.66625977,14.56175613,21.0343914,0,0,2.164366007,1,1,1,FALSE
Tree_115,-8.4871912,-18.44839859,16.69108582,0,0,-0.313361675,0.99999994,0.99999994,1,FALSE
Tree_70,-4.330619335,-18.36199951,16.80650139,0,0,0.056310192,1,1,1,FALSE
Tree_31,2.321795702,-18.64396858,17.03466034,0,0,1.620629549,1,1,1,FALSE
Tree_112,9.515867233,-18.51442337,17.36192131,0,0,-1.364755869,0.99999994,0.99999994,1,FALSE
Tree_14,-49.08177567,-17.70650101,15.50671577,0,0,1.950144649,1,1,1,FALSE
Tree_2,-35.80511856,-17.32224274,15.98722267,0,0,-2.077933788,1,1,1,FALSE
Tree_50,-17.24502945,-17.80810356,16.52030945,0,0,-1.953421831,1,1,1,FALSE
Tree_75,15.68989944,43.10886002,20.61629486,0,0,0.491348743,1,1,1,FALSE
Tree_27,1.580675721,35.56795883,19.93546867,0,0,2.915342331,1,1,1,FALSE
Tree_40,4.184469223,-17.20628548,17.16559601,0,0,-0.941568136,0.99999994,0.99999994,1,FALSE
Tree_50,-14.83449745,15.51009369,18.39160347,0,0,1.161866665,0.99999994,0.99999994,1,FALSE
Tree_52,12.24941254,-17.85325432,17.52101898,0,0,-0.23857297,0.99999994,0.99999994,1,FALSE
Tree_73,20.53347778,-17.52581406,17.95507622,0,0,-2.629668951,0.99999994,0.99999994,1,FALSE
Tree_28,-10.21941566,15.99839592,18.50082397,0,0,-0.582773268,0.99999994,0.99999994,1,FALSE
Tree_14,12.24536419,35.96318817,20.10563087,0,0,0.630369186,1,1,1,FALSE
Tree_66,35.57543182,-17.16034698,18.87213135,0,0,-1.455411792,1,1,1,FALSE
Tree_44,14.89337635,35.05384827,20.15931892,0,0,-3.028238058,0.99999994,0.99999994,1,FALSE
Tree_102,42.49351501,-17.97980309,19.35484695,0,0,0.441002131,1,1,1,FALSE
Tree_7,17.99231529,35.01094818,20.30062103,0,0,0.075646251,0.99999994,0.99999994,1,FALSE
Tree_72,47.60282898,-17.52125931,19.77677536,0,0,0.355988115,1,1,1,FALSE
Tree_15,-44.3312149,-16.56242371,15.73129654,0,0,-1.203371286,0.99999994,0.99999994,1,FALSE
Tree_60,49.01849747,35.60085297,22.55612755,0,0,-2.955660105,1.000000119,1.000000119,1,FALSE
Tree_31,-40.65026093,-16.2853241,15.88058281,0,0,1.255536556,1,1,1,FALSE
Tree_105,-20.79554939,-16.65992737,16.46975899,0,0,-2.512445211,1,1,1,FALSE
Tree_113,-38.48793793,16.04929733,18.8154068,0,0,-1.526666641,1,1,1,FALSE
Tree_77,-13.47187996,-16.82318497,16.6614151,0,0,0.387418449,1,1,1,FALSE
Tree_101,-21.95620537,48.54921341,20.82545853,0,0,1.203822613,1,1,1,FALSE
Tree_68,-36.33172989,36.09843826,21.39454269,0,0,0.245941907,1,1,1,FALSE
Tree_110,3.909619808,48.40716553,20.79975128,0,0,-3.136606693,1,1,1,FALSE
Tree_26,27.39200974,-16.87016296,18.36787605,0,0,0.164983928,1,1,1,FALSE
Tree_48,33.758255,-16.04551125,18.79756165,0,0,1.48362267,0.99999994,0.99999994,1,FALSE
Tree_59,49.78331757,-16.37697983,20.00627327,0,0,-1.791546822,0.99999994,0.99999994,1,FALSE
Tree_116,36.26338577,43.71585846,21.76591301,0,0,1.420561552,1,1,1,FALSE
Tree_41,-22.45108795,36.26130676,19.84913254,0,0,0.110384881,0.99999994,0.99999994,1,FALSE
Tree_71,-14.54299927,36.6768074,19.90713882,0,0,1.236957669,1,1,1,FALSE
Tree_37,-16.01145935,-15.18735504,16.67176628,0,0,2.575907707,0.99999994,0.99999994,1,FALSE
Tree_56,0.398996502,-15.44688606,17.08951759,0,0,1.312213421,1,1,1,FALSE
Tree_11,-45.06867981,44.40280914,23.43781662,0,0,1.563757181,1,1,1,FALSE
Tree_37,16.61167526,16.18630219,19.24703979,0,0,0.385422409,1,1,1,FALSE
Tree_79,31.00044632,-15.94098759,18.62313461,0,0,-0.648866713,1,1,1,FALSE
Tree_6,18.68234634,16.11633682,19.33400726,0,0,-2.046792984,1,1,1,FALSE
Tree_45,36.21942902,16.31263351,20.28852654,0,0,1.522751451,1,1,1,FALSE
Tree_48,-49.72298431,17.02890968,19.72447014,0,0,-2.353820324,1,1,1,FALSE
Tree_14,47.26287842,-15.54833221,19.82479095,0,0,1.010781288,1,1,1,FALSE
Tree_72,-42.93054199,-14.32727337,15.87863636,0,0,2.838173389,0.99999994,0.99999994,1,FALSE
Tree_77,-29.70492744,-14.06121826,16.32439041,0,0,0.576373339,0.99999994,0.99999994,1,FALSE
Tree_54,-25.75985718,-14.36737633,16.42823219,0,0,0.805870593,1,1,1,FALSE
Tree_24,-3.184065342,-14.00003242,17.02552795,0,0,-2.308773041,1,1,1,FALSE
Tree_29,-35.32580566,17.09870338,18.47889519,0,0,1.337830305,0.99999994,0.99999994,1,FALSE
Tree_62,-22.88556671,17.69759178,18.38318634,0,0,-1.453132272,1,1,1,FALSE
Tree_110,42.19297028,49.0954895,22.39426422,0,0,-3.109410286,1,1,1,FALSE
Tree_113,16.77643013,-14.84169769,17.86608696,0,0,0.825744987,1,1,1,FALSE
Tree_31,25.77467728,36.25693893,20.75744629,0,0,2.618996382,1,1,1,FALSE
Tree_12,-2.724838495,17.39442062,18.70689964,0,0,1.378927231,1,1,1,FALSE
Tree_47,23.25611115,17.85353851,19.65712738,0,0,0.283531606,1,1,1,FALSE
Tree_67,27.86043549,36.2028656,20.87529182,0,0,2.898822069,1.000000119,1.000000119,1,FALSE
Tree_39,-48.17024994,37.69088745,24.09590912,0,0,2.256269455,1,1,1,FALSE
Tree_22,-43.4829216,37.57977676,23.0771637,0,0,-3.127998352,0.999999881,0.999999881,1,FALSE
Tree_34,41.51621628,17.68818283,20.72379875,0,0,-1.904440999,1,1,1,FALSE
Tree_17,-42.03052902,18.75953865,19.44543839,0,0,-1.751014352,1,1,1,FALSE
Tree_64,-38.31137466,18.96285629,18.96099472,0,0,0.508988082,1,1,1,FALSE
Tree_73,-29.39580536,18.47790146,18.30615425,0,0,-0.353054404,1,1,1,FALSE
Tree_51,-32.01931381,44.58687592,21.27931213,0,0,-3.077023029,0.99999994,0.99999994,1,FALSE
Tree_42,-31.23169899,37.0304985,20.59101677,0,0,-0.079444267,1,1,1,FALSE
Tree_112,-6.192679405,-12.95197487,17.00128174,0,0,1.237559676,0.99999994,0.99999994,1,FALSE
Tree_43,5.101778984,-12.62369347,17.38245583,0,0,-2.484624624,1,1,1,FALSE
Tree_115,5.159126282,18.68515015,18.9361248,0,0,-3.106635332,0.99999994,0.99999994,1,FALSE
Tree_8,-25.3841362,37.40633392,20.1088295,0,0,-0.557575703,1,1,1,FALSE
Tree_36,-31.02428627,-11.87112236,16.39154053,0,0,1.638633966,1,1,1,FALSE
Tree_30,-12.83619499,44.71600342,20.54096222,0,0,2.670878649,1.000000119,1.000000119,1,FALSE
Tree_111,-9.094599724,-11.73432732,17.00752068,0,0,1.193098187,1,1,1,FALSE
Tree_68,-5.505609035,-11.03761482,17.10916901,0,0,-2.084485292,1,1,1,FALSE
Tree_72,9.835482597,-11.21114731,17.64339066,0,0,1.369728923,1,1,1,FALSE
Tree_38,-8.740848541,44.70842743,20.56261063,0,0,1.233574748,0.99999994,0.99999994,1,FALSE
Tree_42,12.21782303,-11.61811352,17.74578094,0,0,-0.259884566,1,1,1,FALSE
Tree_41,16.67905045,-11.41385841,17.98647118,0,0,-0.846742988,1,1,1,FALSE
Tree_7,24.27501297,-11.86561394,18.3836174,0,0,-2.550093651,0.99999994,0.99999994,1,FALSE
Tree_120,25.21618652,48.18935394,21.24644852,0,0,-1.040900588,1,1,1,FALSE
Tree_80,44.36338425,-11.97117805,19.70016479,0,0,-0.855612397,1,1,1,FALSE
Tree_113,49.8703804,-11.33716393,20.17030144,0,0,1.067566633,1,1,1,FALSE
Tree_67,2.987714529,37.7023201,20.08658791,0,0,-0.162136659,0.99999994,0.99999994,1,FALSE
Tree_67,-23.51835251,-10.94117928,16.65615463,0,0,-0.971010029,1,1,1,FALSE
Tree_112,-32.95666504,19.2123661,18.50886536,0,0,-2.751540422,1,1,1,FALSE
Tree_116,7.735512733,37.27145767,20.08324242,0,0,1.946210504,1,1,1,FALSE
Tree_24,-3.61752367,-10.31607056,17.18301582,0,0,1.591344833,1,1,1,FALSE
Tree_76,-11.05278111,19.79039192,18.73674774,0,0,2.057811022,0.99999994,0.99999994,1,FALSE
Tree_33,-4.033946037,19.53346252,18.8212471,0,0,-1.584704161,0.999999881,0.999999881,1,FALSE
Tree_106,27.13615799,-10.48942757,18.60065079,0,0,1.660352826,1,1,1,FALSE
Tree_14,19.69539833,19.05719566,19.55295372,0,0,0.630392849,1,1,1,FALSE
Tree_53,31.03052139,48.70913315,21.59545517,0,0,-0.161880448,1,1,1,FALSE
Tree_13,25.53821945,19.35885429,19.85494614,0,0,2.636802912,1,1,1,FALSE
Tree_42,17.52491188,37.05447769,20.37485504,0,0,-2.880998373,0.99999994,0.99999994,1,FALSE
Tree_74,-31.35427856,-9.824557304,16.48341179,0,0,1.863063216,0.99999994,0.99999994,1,FALSE
Tree_56,22.1032753,37.54122162,20.62179184,0,0,0.573644459,1,1,1,FALSE
Tree_51,40.8219223,19.80347633,20.78260422,0,0,0.749252975,1,1,1,FALSE
Tree_105,10.78830147,-9.022309303,17.76682091,0,0,0.224020079,0.99999994,0.99999994,1,FALSE
Tree_16,49.21757889,-9.439651489,20.16544914,0,0,-1.053341508,1,1,1,FALSE
Tree_74,44.28911209,37.08048248,22.13154411,0,0,2.77233696,1,1,1,FALSE
Tree_77,44.65650177,19.31246948,21.03484535,0,0,1.672989368,1,1,1,FALSE
Tree_71,-19.9138813,-8.914736748,16.8575573,0,0,-1.1689924,1,1,1,FALSE
Tree_77,-16.74250603,-8.488723755,16.96331406,0,0,-2.649586201,1.000000119,1.000000119,1,FALSE
Tree_72,4.114162445,-8.267162323,17.51763344,0,0,-2.256186962,1,1,1,FALSE
Tree_54,7.46126461,-8.933897018,17.62505341,0,0,-1.148815989,1,1,1,FALSE
Tree_57,-47.39858246,20.45165062,20.17407799,0,0,-0.555360734,1,1,1,FALSE
Tree_2,49.08608246,48.90331268,22.9532795,0,0,2.783333063,1.000000119,1.000000119,1,FALSE
Tree_51,-33.43514252,38.54450989,20.99367142,0,0,-3.019569874,1,1,1,FALSE
Tree_65,4.648442268,44.90286255,20.55338669,0,0,-1.428458571,1,1,1,FALSE
Tree_8,19.98899651,-8.205377579,18.28339958,0,0,-0.99199152,1,1,1,FALSE
Tree_113,-17.89283943,38.69748688,20.03178978,0,0,0.298726916,1,1,1,FALSE
Tree_58,-46.72227859,49.88534164,24.21784973,0,0,-1.899141669,0.999999881,0.999999881,1,FALSE
Tree_75,17.29529953,44.81884384,20.76342392,0,0,2.611295938,0.99999994,0.99999994,1,FALSE
Tree_55,13.58324337,20.47217941,19.3571701,0,0,1.873853564,1,1,1,FALSE
Tree_116,31.09270287,20.01402855,20.0747757,0,0,2.146181822,0.99999994,0.99999994,1,FALSE
Tree_53,22.9192543,44.78469849,20.98371696,0,0,-3.065296173,1.000000119,1.000000119,1,FALSE
Tree_53,-31.81561279,-7.197170258,16.60913849,0,0,2.169070244,0.99999994,0.99999994,1,FALSE
Tree_27,-25.63156891,-7.279892445,16.77788353,0,0,-2.631957293,0.99999994,0.99999994,1,FALSE
Tree_25,49.47908783,20.24596024,21.44255447,0,0,-0.807522774,1,1,1,FALSE
Tree_70,-41.42480469,21.53673935,19.69967079,0,0,-1.631838322,1,1,1,FALSE
Tree_51,-37.22079086,21.85560036,19.25466537,0,0,1.101285458,0.99999994,0.99999994,1,FALSE
Tree_28,-14.3222208,21.397789,18.79935455,0,0,-1.607437015,1,1,1,FALSE
Tree_79,48.05161667,-7.50799942,20.11941528,0,0,1.605904341,1,1,1,FALSE
Tree_5,-47.84400558,45.32449722,23.98859024,0,0,0.838552058,0.99999994,0.99999994,1,FALSE
Tree_18,37.65866089,21.72430229,20.75313568,0,0,-0.143010005,1,1,1,FALSE
Tree_69,-28.22373962,-6.228455067,16.76277542,0,0,1.03903985,0.99999994,0.99999994,1,FALSE
Tree_4,-15.64213943,-6.175700188,17.10731506,0,0,0.969320357,1,1,1,FALSE
Tree_103,-13.31992722,-6.84899044,17.13671303,0,0,-2.613198042,1,1,1,FALSE
Tree_17,-1.972343206,-6.728079796,17.3936882,0,0,2.209849358,0.99999994,0.99999994,1,FALSE
Tree_47,0.566267431,-6.32747364,17.48202133,0,0,-0.5603351,1,1,1,FALSE
Tree_49,-49.65815353,22.06199455,20.57542801,0,0,2.544232845,1,1,1,FALSE
Tree_80,-23.13149643,-5.385174751,16.94833946,0,0,-1.136023879,1,1,1,FALSE
Tree_27,-20.13643646,-5.784173489,17.00976563,0,0,-0.33633402,1,1,1,FALSE
Tree_28,-17.96694946,-5.315678596,17.09126854,0,0,-0.60632509,1,1,1,FALSE
Tree_79,-6.54532814,-5.395882607,17.38142204,0,0,2.614311695,0.99999994,0.99999994,1,FALSE
Tree_33,8.32593441,49.22381973,20.87299347,0,0,1.399450302,1,1,1,FALSE
Tree_34,5.914028168,-5.891685486,17.68705177,0,0,-0.484803945,1,1,1,FALSE
Log_3,-49.31853867,-49.03178406,14.46757412,0,0,1.305916309,0.99999994,0.99999994,1,FALSE
Log_3,24.15942574,18.33755493,19.72859764,0,0,-1.232945085,1,1,1,FALSE
Log_1,-6.931576729,8.945569992,18.13070107,0,0,0.393136472,1,1,1,FALSE
Log_4,-16.36927986,-32.46798706,15.89542007,0,0,-0.965768576,0.99999994,0.99999994,1,FALSE
Log_2,49.65621185,21.83189774,21.53845596,0,0,1.874827862,0.999999881,0.999999881,1,FALSE
Log_3,-43.2611618,30.130476,21.57552719,0,0,2.177811146,1,1,1,FALSE
Log_2,-4.326103687,-49.97182465,15.52406597,0,0,1.162791371,1,1,1,FALSE
Log_5,45.57368088,-20.56745911,19.50193405,0,0,0.045352541,1,1,1,FALSE
Log_3,11.87964535,-0.111988269,18.18715668,0,0,-0.124833956,1,1,1,FALSE
Log_3,17.2791214,-49.80289841,16.2919445,0,0,1.622617722,1,1,1,FALSE
Log_5,24.91235733,-16.2344532,18.24921036,0,0,1.376801372,1,1,1,FALSE
Log_5,-47.63511658,10.13713074,18.7257843,0,0,-1.012450695,0.99999994,0.99999994,1,FALSE
Log_1,17.73895073,37.64719391,20.41270447,0,0,-1.388231397,0.99999994,0.99999994,1,FALSE
Log_4,49.54768372,-49.28481674,18.60297203,0,0,-2.481282234,1,1,1,FALSE
Log_2,-38.92352676,-31.70868301,15.31950474,0,0,-0.309427679,1,1,1,FALSE
Log_4,-23.98934555,37.51394272,20.02032089,0,0,0.808543146,1,1,1,FALSE
Log_4,-27.20922852,15.28365803,18.08550835,0,0,1.420059323,1,1,1,FALSE
Log_2,-7.038229942,-14.51817703,16.90832138,0,0,2.142118454,1,1,1,FALSE
Log_3,-26.98185539,-5.083379269,16.8591423,0,0,-1.206880927,1,1,1,FALSE
Log_1,40.55554962,-0.906142831,19.81820107,0,0,-2.750288963,0.99999994,0.99999994,1,FALSE
Rock_5,-48.10136414,-49.50196075,14.48429966,0,0,2.745677948,2,2,2,FALSE
Rock_10,-8.183805466,10.57523251,18.20178604,0,0,1.363453984,0.99999994,0.99999994,1,FALSE
Rock_7,3.217931747,29.93199539,19.55589485,0,0,-1.36579299,1,1,1,FALSE
Rock_3,-20.58540916,-49.77322388,15.10404301,0,0,0.952296674,1,1,1,FALSE
Rock_8,-49.43590927,-4.362931728,16.68649864,0,0,0.160715997,0.99999994,0.99999994,1,FALSE
Rock_8,3.192945957,-49.30230713,15.80903816,0,0,2.324059486,1,1,1,FALSE
Rock_2,7.685723305,-8.471775055,17.65363693,0,0,-0.82083863,1,1,1,FALSE
Rock_2,26.98392487,-49.22507858,16.79332161,0,0,3.087951899,0.99999994,0.99999994,1,FALSE
Rock_10,48.56832886,-24.9140892,19.60604095,0,0,-1.93045783,1,1,1,FALSE
Rock_6,48.65834045,48.07605362,22.88883591,0,0,-2.486843824,0.99999994,0.99999994,1,FALSE
Rock_3,-20.85996056,37.51437378,19.90941238,0,0,-2.531447649,0.99999994,0.99999994,1,FALSE
Rock_4,28.58470917,36.91956711,20.94809723,0,0,-2.836555004,0.99999994,0.99999994,1,FALSE
Rock_7,-19.65078735,-9.457092285,16.83771706,0,0,-2.758857012,1.000000119,1.000000119,1,FALSE
Rock_6,-49.80578613,32.18893433,23.03924561,0,0,0.823003709,1,1,1,FALSE
Rock_3,-37.13714218,-27.05502319,15.54327393,0,0,-2.025902987,0.999999881,0.999999881,1,FALSE
Rock_5,49.81268311,-48.31565857,18.92496681,0,0,2.068367481,2,2,2,FALSE
Rock_8,49.77133942,19.73607445,21.43556213,0,0,1.138038874,0.99999994,0.99999994,1,FALSE
House_1,-3.47998,37.782135,19.883497,0.076562,0,0,1,1,1,FALSE
House_2,28.608505,25.132233,19.988026,0,0,-0.087266,1,1,1,FALSE
House_3,-1.085052,11.410263,18.016682,0,0,2.617994,1,1,1,FALSE
House_4,15.546799,-22.295441,17.172916,0,0,1.570796,1,1,1,FALSE
House_5,-38.789162,-4.129639,16.469309,-0.075963,0,-3.141593,1,1,1,FALSE
House_2,-26.54158,-20.159241,15.973432,0,0,2.356194,1,1,1,FALSE
House_3,36.442902,-10.70195,19.164352,0,0.060441,3.141594,1,1,1,FALSE
House_4,-23.077492,24.060837,18.616396,0,0,-0.349066,1,1,1,FALSE
Farmer,9.113,19.495,4.029,0,172.4,0,1,1,1,TRUE
,-7.672,18.437,-4.264,0,-5,0,1,1,1,TRUE
,21.552,18.947,-2.664,0,-24.8,0,1,1,1,TRUE
